hospital_id,hospital_name,ZipCode,nurse_score,clean_score,doctor_score,staff_score,quiet_score,med_communication_score,discharge_score,care_transition_score,overall_score,recommend_score
1,SOUTHEAST ALABAMA MEDICAL CENTER,36301,87.0,83.0,90.0,75.0,86.0,70.0,85.0,79.0,83.0,84.0
2,MARSHALL MEDICAL CENTER SOUTH,35957,91.0,87.0,94.0,85.0,85.0,81.0,88.0,81.0,88.0,88.0
3,ELIZA COFFEE MEMORIAL HOSPITAL,35631,89.0,79.0,91.0,83.0,82.0,76.0,83.0,80.0,84.0,84.0
4,MIZELL MEMORIAL HOSPITAL,36467,89.0,86.0,94.0,84.0,86.0,79.0,85.0,80.0,85.0,85.0
5,CRENSHAW COMMUNITY HOSPITAL,36049,0.0,0.0,0.0,0.0,0.0,0.0,0.0,0.0,0.0,0.0
6,ST VINCENT'S EAST,35235,89.0,84.0,91.0,83.0,81.0,77.0,86.0,82.0,87.0,86.0
7,DEKALB REGIONAL MEDICAL CENTER,35968,89.0,86.0,90.0,85.0,81.0,77.0,87.0,80.0,86.0,83.0
8,SHELBY BAPTIST MEDICAL CENTER,35007,90.0,84.0,91.0,83.0,84.0,79.0,87.0,81.0,88.0,88.0
9,CALLAHAN EYE HOSPITAL,35233,0.0,0.0,0.0,0.0,0.0,0.0,0.0,0.0,0.0,0.0
10,HELEN KELLER MEMORIAL HOSPITAL,35660,91.0,82.0,93.0,82.0,87.0,76.0,85.0,81.0,88.0,89.0
11,DALE MEDICAL CENTER,36360,93.0,92.0,95.0,91.0,89.0,86.0,87.0,84.0,91.0,93.0
12,FLOYD CHEROKEE MEDICAL CENTER,35960,0.0,0.0,0.0,0.0,0.0,0.0,0.0,0.0,0.0,0.0
13,BAPTIST MEDICAL CENTER SOUTH,36116,89.0,84.0,90.0,82.0,84.0,78.0,84.0,80.0,86.0,86.0
14,JACKSON HOSPITAL & CLINIC INC,36106,90.0,84.0,91.0,86.0,85.0,80.0,86.0,81.0,88.0,90.0
15,EAST ALABAMA MEDICAL CENTER,36801,92.0,88.0,93.0,88.0,89.0,81.0,88.0,83.0,90.0,91.0
16,TANNER MEDICAL CENTER-EAST ALABAMA,36278,0.0,0.0,0.0,0.0,0.0,0.0,0.0,0.0,0.0,0.0
17,UNIVERSITY OF ALABAMA HOSPITAL,35233,93.0,85.0,93.0,85.0,86.0,80.0,89.0,84.0,92.0,94.0
18,COMMUNITY HOSPITAL INC,36078,94.0,93.0,90.0,92.0,86.0,82.0,83.0,78.0,87.0,85.0
19,CULLMAN REGIONAL MEDICAL CENTER,35058,90.0,89.0,91.0,81.0,85.0,73.0,81.0,78.0,85.0,83.0
20,ANDALUSIA HEALTH,36420,89.0,85.0,90.0,83.0,84.0,81.0,87.0,80.0,85.0,85.0
21,STRINGFELLOW MEMORIAL HOSPITAL,36201,87.0,87.0,89.0,81.0,86.0,75.0,83.0,79.0,86.0,85.0
22,HUNTSVILLE HOSPITAL,35801,92.0,88.0,92.0,84.0,85.0,78.0,85.0,82.0,90.0,91.0
23,GADSDEN REGIONAL MEDICAL CENTER,35903,90.0,86.0,89.0,84.0,84.0,80.0,88.0,81.0,87.0,87.0
24,MARION REGIONAL MEDICAL CENTER,35570,97.0,98.0,99.0,90.0,94.0,87.0,85.0,84.0,94.0,92.0
25,FAYETTE MEDICAL CENTER,35555,96.0,94.0,97.0,91.0,96.0,90.0,96.0,88.0,94.0,94.0
26,RIVERVIEW REGIONAL MEDICAL CENTER,35901,90.0,89.0,88.0,84.0,85.0,78.0,86.0,81.0,89.0,89.0
27,GEORGIANA MEDICAL CENTER,36033,0.0,0.0,0.0,0.0,0.0,0.0,0.0,0.0,0.0,0.0
28,MEDICAL CENTER ENTERPRISE,36330,91.0,87.0,92.0,85.0,85.0,81.0,88.0,83.0,88.0,88.0
30,LAKE MARTIN COMMUNITY HOSPITAL,36853,94.0,91.0,95.0,93.0,90.0,89.0,89.0,85.0,88.0,89.0
31,FLOWERS HOSPITAL,36305,90.0,86.0,91.0,83.0,83.0,83.0,88.0,83.0,89.0,90.0
32,ST VINCENT'S BIRMINGHAM,35205,92.0,84.0,92.0,86.0,85.0,80.0,87.0,84.0,90.0,92.0
33,BIBB MEDICAL CENTER,35042,0.0,0.0,0.0,0.0,0.0,0.0,0.0,0.0,0.0,0.0
34,LAWRENCE MEDICAL CENTER,35650,0.0,0.0,0.0,0.0,0.0,0.0,0.0,0.0,0.0,0.0
35,HIGHLANDS MEDICAL CENTER,35768,90.0,83.0,90.0,85.0,86.0,78.0,84.0,79.0,84.0,81.0
36,WIREGRASS MEDICAL CENTER,36340,90.0,87.0,93.0,87.0,84.0,81.0,88.0,82.0,88.0,87.0
37,RUSSELL MEDICAL CENTER,35010,93.0,90.0,92.0,89.0,88.0,83.0,88.0,83.0,90.0,90.0
38,MEDICAL CENTER BARBOUR,36027,89.0,88.0,92.0,86.0,87.0,85.0,88.0,77.0,85.0,84.0
39,CLAY COUNTY HOSPITAL,36251,94.0,92.0,98.0,92.0,90.0,92.0,85.0,86.0,94.0,91.0
40,NORTHEAST ALABAMA REGIONAL MEDICAL CENTER,36207,92.0,84.0,91.0,85.0,87.0,77.0,86.0,81.0,87.0,86.0
41,ATHENS LIMESTONE HOSPITAL,35611,93.0,87.0,93.0,83.0,87.0,80.0,89.0,82.0,87.0,88.0
42,SOUTH BALDWIN REGIONAL MEDICAL CENTER,36535,94.0,90.0,91.0,90.0,87.0,84.0,89.0,84.0,91.0,91.0
43,DECATUR MORGAN HOSPITAL-DECATUR CAMPUS,35601,93.0,89.0,94.0,84.0,83.0,77.0,86.0,81.0,87.0,85.0
44,NORTHWEST MEDICAL CENTER,35594,94.0,89.0,95.0,91.0,89.0,83.0,92.0,82.0,89.0,90.0
45,UNIVERSITY OF SOUTH ALABAMA MEDICAL CENTER,36617,91.0,85.0,91.0,85.0,84.0,81.0,85.0,80.0,88.0,89.0
46,WALKER BAPTIST MEDICAL CENTER,35502,91.0,82.0,91.0,87.0,81.0,79.0,87.0,80.0,86.0,84.0
47,PROVIDENCE HOSPITAL,36608,90.0,85.0,91.0,88.0,82.0,76.0,84.0,81.0,88.0,89.0
48,GROVE HILL MEMORIAL HOSPITAL,36451,90.0,86.0,96.0,86.0,86.0,75.0,81.0,78.0,87.0,83.0
49,D C H REGIONAL MEDICAL CENTER,35401,90.0,84.0,91.0,81.0,85.0,74.0,84.0,79.0,85.0,85.0
50,HALE COUNTY HOSPITAL,36744,0.0,0.0,0.0,0.0,0.0,0.0,0.0,0.0,0.0,0.0
51,ELMORE COMMUNITY HOSPITAL,36092,94.0,84.0,96.0,91.0,90.0,91.0,86.0,83.0,89.0,89.0
52,D W MCMILLAN MEMORIAL HOSPITAL,36426,92.0,89.0,92.0,92.0,86.0,84.0,85.0,80.0,90.0,86.0
53,THOMAS HOSPITAL,36532,92.0,87.0,92.0,88.0,85.0,84.0,91.0,84.0,90.0,91.0
54,CITIZENS BAPTIST MEDICAL CENTER,35161,93.0,92.0,92.0,91.0,88.0,81.0,88.0,84.0,91.0,88.0
55,J PAUL JONES HOSPITAL,36726,0.0,0.0,0.0,0.0,0.0,0.0,0.0,0.0,0.0,0.0
56,PRINCETON BAPTIST MEDICAL CENTER,35211,90.0,81.0,92.0,83.0,84.0,77.0,87.0,81.0,88.0,88.0
57,GRANDVIEW MEDICAL CENTER,35243,91.0,87.0,93.0,86.0,88.0,80.0,86.0,84.0,90.0,91.0
58,PRATTVILLE BAPTIST HOSPITAL,36067,91.0,92.0,93.0,87.0,84.0,81.0,90.0,83.0,89.0,89.0
59,PICKENS COUNTY MEDICAL CENTER,35447,0.0,0.0,0.0,0.0,0.0,0.0,0.0,0.0,0.0,0.0
60,BULLOCK COUNTY HOSPITAL,36089,0.0,0.0,0.0,0.0,0.0,0.0,0.0,0.0,0.0,0.0
61,BRYAN W. WHITFIELD MEMORIAL HOSPITAL,36732,0.0,0.0,0.0,0.0,0.0,0.0,0.0,0.0,0.0,0.0
62,MOBILE INFIRMARY MEDICAL CENTER,36652,91.0,87.0,92.0,87.0,84.0,84.0,88.0,82.0,89.0,90.0
63,"MEDICAL WEST, AN AFFILIATE OF UAB HEALTH SYSTEM",35021,88.0,83.0,91.0,82.0,84.0,74.0,85.0,80.0,86.0,86.0
64,VAUGHAN REGIONAL MEDICAL CENTER PARKWAY CAMPUS,36701,86.0,84.0,90.0,81.0,85.0,72.0,80.0,78.0,84.0,79.0
65,MONROE COUNTY HOSPITAL,36460,94.0,91.0,95.0,93.0,88.0,86.0,90.0,82.0,91.0,90.0
66,LAKELAND COMMUNITY HOSPITAL,35565,94.0,93.0,94.0,87.0,88.0,86.0,89.0,83.0,89.0,90.0
67,TROY REGIONAL MEDICAL CENTER,36081,92.0,84.0,92.0,91.0,86.0,82.0,86.0,81.0,86.0,84.0
68,JACKSON MEDICAL CENTER,36545,0.0,0.0,0.0,0.0,0.0,0.0,0.0,0.0,0.0,0.0
69,NORTH BALDWIN INFIRMARY,36507,92.0,89.0,92.0,88.0,87.0,84.0,87.0,82.0,89.0,88.0
70,ST VINCENT'S ST CLAIR,35125,91.0,90.0,93.0,87.0,86.0,84.0,87.0,84.0,90.0,90.0
71,CRESTWOOD MEDICAL CENTER,35801,88.0,84.0,90.0,81.0,84.0,78.0,87.0,82.0,87.0,88.0
73,BROOKWOOD BAPTIST MEDICAL CENTER,35209,90.0,86.0,91.0,85.0,82.0,79.0,88.0,82.0,87.0,87.0
74,SPRINGHILL MEMORIAL HOSPITAL,36608,91.0,87.0,92.0,86.0,84.0,80.0,88.0,82.0,89.0,89.0
75,RMC JACKSONVILLE,36265,0.0,0.0,0.0,0.0,0.0,0.0,0.0,0.0,0.0,0.0
76,EVERGREEN MEDICAL CENTER,36401,90.0,86.0,94.0,84.0,85.0,84.0,85.0,79.0,86.0,87.0
77,BAPTIST MEDICAL CENTER EAST,36117,92.0,86.0,92.0,85.0,86.0,78.0,87.0,84.0,90.0,92.0
78,L V STABLER MEMORIAL HOSPITAL,36037,91.0,82.0,93.0,86.0,89.0,89.0,91.0,81.0,87.0,91.0
79,SHOALS HOSPITAL,35661,93.0,89.0,92.0,85.0,88.0,78.0,89.0,83.0,90.0,91.0
80,RUSSELLVILLE HOSPITAL,35653,92.0,89.0,95.0,87.0,87.0,80.0,90.0,83.0,88.0,86.0
81,COOSA VALLEY MEDICAL CENTER,35150,90.0,87.0,92.0,83.0,85.0,80.0,85.0,80.0,86.0,84.0
82,JACK HUGHSTON MEMORIAL HOSPITAL,36867,95.0,93.0,95.0,92.0,93.0,88.0,91.0,88.0,94.0,95.0
83,ATMORE COMMUNITY HOSPITAL,36502,91.0,88.0,94.0,86.0,85.0,82.0,91.0,81.0,87.0,85.0
84,ST VINCENT'S CHILTON,35045,96.0,91.0,94.0,95.0,90.0,88.0,89.0,86.0,95.0,96.0
85,WASHINGTON COUNTY HOSPITAL,36518,0.0,0.0,0.0,0.0,0.0,0.0,0.0,0.0,0.0,0.0
86,RED BAY HOSPITAL,35582,0.0,0.0,0.0,0.0,0.0,0.0,0.0,0.0,0.0,0.0
88,ST VINCENTS BLOUNT,35121,91.0,90.0,90.0,92.0,88.0,89.0,89.0,82.0,91.0,89.0
91,PROVIDENCE ALASKA MEDICAL CENTER,99508,91.0,87.0,91.0,84.0,79.0,76.0,88.0,82.0,89.0,91.0
92,MAT-SU REGIONAL MEDICAL CENTER,99645,90.0,88.0,89.0,84.0,81.0,80.0,89.0,83.0,86.0,86.0
93,BARTLETT REGIONAL HOSPITAL,99801,93.0,90.0,93.0,89.0,87.0,81.0,87.0,82.0,90.0,92.0
94,FAIRBANKS MEMORIAL HOSPITAL,99701,92.0,90.0,92.0,89.0,83.0,81.0,88.0,81.0,88.0,89.0
95,ALASKA REGIONAL HOSPITAL,99508,90.0,85.0,91.0,88.0,83.0,80.0,88.0,83.0,87.0,88.0
96,YUKON KUSKOKWIM DELTA REG HOSPITAL,99559,89.0,84.0,88.0,80.0,77.0,80.0,82.0,75.0,87.0,83.0
97,CENTRAL PENINSULA GENERAL HOSPITAL,99669,90.0,87.0,91.0,82.0,83.0,80.0,90.0,81.0,89.0,90.0
98,ALASKA NATIVE MEDICAL CENTER,99508,90.0,86.0,90.0,85.0,75.0,80.0,86.0,80.0,87.0,87.0
101,SITKA COMMUNITY HOSPITAL,99835,0.0,0.0,0.0,0.0,0.0,0.0,0.0,0.0,0.0,0.0
104,PROVIDENCE KODIAK ISLAND MEDICAL CTR,99615,0.0,0.0,0.0,0.0,0.0,0.0,0.0,0.0,0.0,0.0
106,NORTON SOUND REGIONAL HOSPITAL,99762,0.0,0.0,0.0,0.0,0.0,0.0,0.0,0.0,0.0,0.0
109,KETCHIKAN MEDICAL CENTER,99901,93.0,92.0,93.0,93.0,84.0,84.0,88.0,83.0,90.0,88.0
111,SOUTH PENINSULA HOSPITAL,99603,93.0,91.0,92.0,89.0,83.0,79.0,94.0,85.0,90.0,92.0
113,BANNER - UNIVERSITY MEDICAL CENTER PHOENIX,85006,90.0,85.0,91.0,87.0,75.0,78.0,90.0,81.0,89.0,89.0
114,TUCSON MEDICAL CENTER,85712,89.0,82.0,89.0,81.0,76.0,76.0,86.0,81.0,87.0,89.0
115,VERDE VALLEY MEDICAL CENTER,86326,92.0,81.0,90.0,86.0,79.0,77.0,91.0,82.0,88.0,86.0
116,ST. MARY'S HOSPITAL,85745,88.0,86.0,90.0,83.0,77.0,78.0,88.0,80.0,86.0,86.0
117,ST JOSEPH'S HOSPITAL,85711,88.0,89.0,88.0,83.0,77.0,77.0,87.0,81.0,85.0,85.0
118,YAVAPAI REGIONAL MEDICAL CENTER,86301,92.0,86.0,90.0,87.0,76.0,77.0,87.0,81.0,89.0,90.0
119,YUMA REGIONAL MEDICAL CENTER,85364,89.0,86.0,86.0,83.0,81.0,72.0,83.0,79.0,85.0,84.0
120,JOHN C. LINCOLN NORTH MOUNTAIN HOSPITAL,85020,92.0,87.0,90.0,82.0,80.0,79.0,86.0,82.0,89.0,88.0
121,BANNER CASA GRANDE MEDICAL CENTER,85122,90.0,86.0,91.0,81.0,79.0,78.0,88.0,81.0,86.0,86.0
122,MARICOPA MEDICAL CENTER,85008,88.0,81.0,90.0,79.0,73.0,76.0,84.0,80.0,87.0,85.0
123,FLAGSTAFF MEDICAL CENTER,86001,91.0,83.0,92.0,86.0,77.0,81.0,87.0,81.0,89.0,90.0
124,ST. JOSEPH'S HOSPITAL AND MEDICAL CENTER,85013,91.0,85.0,90.0,84.0,80.0,78.0,85.0,81.0,90.0,90.0
125,ABRAZO CENTRAL CAMPUS,85015,87.0,87.0,87.0,82.0,80.0,79.0,83.0,77.0,84.0,82.0
126,CHANDLER REGIONAL MEDICAL CENTER,85224,92.0,83.0,89.0,86.0,78.0,78.0,88.0,82.0,88.0,88.0
127,ST LUKE'S MEDICAL CENTER,85006,88.0,85.0,89.0,81.0,79.0,73.0,84.0,79.0,84.0,82.0
128,SCOTTSDALE OSBORN MEDICAL CENTER,85251,90.0,81.0,89.0,85.0,75.0,74.0,83.0,79.0,88.0,87.0
129,CANYON VISTA MEDICAL CENTER,85635,89.0,86.0,87.0,81.0,80.0,72.0,84.0,80.0,84.0,81.0
130,KINGMAN REGIONAL MEDICAL CENTER,86409,92.0,89.0,89.0,85.0,81.0,79.0,87.0,81.0,88.0,86.0
131,BANNER BOSWELL MEDICAL CENTER,85351,91.0,85.0,89.0,86.0,74.0,79.0,89.0,83.0,87.0,88.0
132,SUMMIT HEALTHCARE REGIONAL MEDICAL CENTER,85901,91.0,89.0,89.0,89.0,79.0,75.0,83.0,79.0,89.0,88.0
133,BANNER - UNIVERSITY MEDICAL CENTER TUCSON CAMPUS,85724,86.0,79.0,87.0,81.0,74.0,75.0,82.0,79.0,84.0,85.0
134,BANNER DESERT MEDICAL CENTER,85202,89.0,82.0,88.0,83.0,77.0,76.0,87.0,81.0,86.0,87.0
135,MT. GRAHAM REGIONAL MEDICAL CENTER,85546,92.0,86.0,92.0,90.0,81.0,84.0,89.0,83.0,89.0,89.0
136,HAVASU REGIONAL MEDICAL CENTER,86403,88.0,86.0,88.0,82.0,73.0,75.0,89.0,79.0,86.0,82.0
137,FORT DEFIANCE INDIAN HOSPITAL,86504,86.0,83.0,88.0,81.0,85.0,77.0,74.0,80.0,88.0,82.0
138,TUBA CITY REGIONAL HEALTH CARE CORPORATION,86045,87.0,91.0,89.0,86.0,84.0,78.0,93.0,87.0,83.0,81.0
142,ABRAZO SCOTTSDALE CAMPUS,85032,89.0,86.0,90.0,81.0,79.0,79.0,85.0,79.0,85.0,83.0
143,CHINLE COMPREHENSIVE HEALTH CARE FACILITY,86503,88.0,91.0,92.0,88.0,85.0,79.0,94.0,87.0,83.0,82.0
144,NORTHWEST MEDICAL CENTER,85741,87.0,83.0,89.0,83.0,74.0,77.0,86.0,81.0,85.0,84.0
145,SCOTTSDALE SHEA MEDICAL CENTER,85260,91.0,86.0,90.0,84.0,80.0,76.0,83.0,80.0,89.0,90.0
146,BANNER BAYWOOD MEDICAL CENTER,85206,90.0,85.0,86.0,81.0,77.0,78.0,86.0,80.0,85.0,86.0
147,BANNER THUNDERBIRD MEDICAL CENTER,85306,88.0,77.0,88.0,80.0,77.0,75.0,87.0,82.0,86.0,88.0
148,HONORHEALTH DEER VALLEY MEDICAL CENTER,85027,91.0,89.0,88.0,83.0,78.0,77.0,84.0,79.0,87.0,87.0
149,BANNER DEL E. WEBB MEDICAL CENTER,85375,89.0,82.0,88.0,82.0,75.0,75.0,88.0,83.0,87.0,88.0
150,ABRAZO ARROWHEAD CAMPUS,85308,89.0,85.0,89.0,83.0,77.0,77.0,85.0,80.0,86.0,86.0
151,WESTERN ARIZONA REGIONAL MEDICAL CENTER,86442,87.0,85.0,84.0,83.0,74.0,74.0,82.0,78.0,84.0,82.0
152,MAYO CLINIC HOSPITAL,85054,95.0,93.0,94.0,93.0,87.0,87.0,92.0,88.0,96.0,97.0
153,BANNER HEART HOSPITAL,85206,92.0,86.0,90.0,88.0,75.0,82.0,89.0,83.0,90.0,92.0
154,ARIZONA SPINE AND JOINT HOSPITAL,85206,97.0,94.0,95.0,95.0,85.0,87.0,94.0,88.0,95.0,96.0
155,"CORE INSTITUTE SPECIALTY HOSPITAL, THE",85015,94.0,92.0,92.0,93.0,87.0,84.0,92.0,85.0,91.0,92.0
156,ABRAZO WEST CAMPUS,85395,88.0,85.0,88.0,83.0,78.0,79.0,85.0,80.0,85.0,82.0
157,BANNER-UNIVERSITY MEDICAL CENTER SOUTH CAMPUS,85713,87.0,83.0,89.0,79.0,72.0,74.0,84.0,80.0,85.0,85.0
158,ARIZONA SPECIALTY HOSPITAL,85224,97.0,93.0,93.0,93.0,92.0,88.0,93.0,87.0,95.0,95.0
159,WHITERIVER PHS INDIAN HOSPITAL,85941,0.0,0.0,0.0,0.0,0.0,0.0,0.0,0.0,0.0,0.0
160,ORO VALLEY HOSPITAL,85755,91.0,89.0,90.0,88.0,80.0,78.0,88.0,84.0,90.0,91.0
161,BANNER ESTRELLA MEDICAL CENTER,85037,92.0,86.0,93.0,84.0,83.0,81.0,87.0,82.0,90.0,91.0
162,VALLEY VIEW MEDICAL CENTER,86426,90.0,91.0,89.0,87.0,83.0,80.0,86.0,82.0,88.0,89.0
163,MERCY GILBERT MEDICAL CENTER,85297,92.0,88.0,90.0,84.0,82.0,79.0,88.0,83.0,90.0,90.0
164,"MOUNTAIN VISTA MEDICAL CENTER, LP",85209,86.0,78.0,88.0,80.0,80.0,72.0,82.0,77.0,83.0,81.0
165,BANNER GATEWAY MEDICAL CENTER,85234,91.0,81.0,90.0,85.0,83.0,79.0,88.0,82.0,89.0,90.0
166,SCOTTSDALE THOMPSON PEAK MEDICAL CENTER,85255,93.0,87.0,92.0,86.0,87.0,79.0,84.0,84.0,91.0,92.0
167,BANNER IRONWOOD MEDICAL CENTER,85140,92.0,89.0,92.0,88.0,86.0,82.0,91.0,85.0,91.0,91.0
168,O.A.S.I.S. HOSPITAL,85008,95.0,92.0,93.0,91.0,86.0,84.0,92.0,85.0,94.0,95.0
169,BANNER GOLDFIELD MEDICAL CENTER,85120,92.0,85.0,90.0,90.0,80.0,79.0,88.0,84.0,89.0,90.0
170,DIGNITY HEALTH - ARIZONA GENERAL HOSPITAL,85339,0.0,0.0,0.0,0.0,0.0,0.0,0.0,0.0,0.0,0.0
171,SANTA CRUZ VALLEY REGIONAL HOSPITAL,85614,87.0,87.0,84.0,80.0,78.0,68.0,75.0,77.0,84.0,85.0
173,WICKENBURG COMMUNITY HOSPITAL,85390,94.0,92.0,94.0,94.0,87.0,84.0,85.0,83.0,90.0,89.0
174,BENSON HOSPITAL,85602,0.0,0.0,0.0,0.0,0.0,0.0,0.0,0.0,0.0,0.0
175,"NORTHERN COCHISE COMMUNITY HOSPITAL, INC.",85643,0.0,0.0,0.0,0.0,0.0,0.0,0.0,0.0,0.0,0.0
176,PAGE HOSPITAL,86040,0.0,0.0,0.0,0.0,0.0,0.0,0.0,0.0,0.0,0.0
180,SAGE MEMORIAL HOSPITAL,86505,0.0,0.0,0.0,0.0,0.0,0.0,0.0,0.0,0.0,0.0
181,LITTLE COLORADO MEDICAL CENTER,86047,91.0,88.0,92.0,86.0,80.0,84.0,90.0,82.0,88.0,87.0
182,COPPER QUEEN COMMUNITY HOSPITAL,85603,0.0,0.0,0.0,0.0,0.0,0.0,0.0,0.0,0.0,0.0
183,HOLY CROSS HOSPITAL,85621,92.0,96.0,91.0,88.0,80.0,83.0,91.0,81.0,88.0,86.0
184,COBRE VALLEY REGIONAL MEDICAL CENTER,85501,91.0,86.0,89.0,88.0,83.0,77.0,86.0,81.0,87.0,87.0
185,WHITE MOUNTAIN REGIONAL MEDICAL CENTER,85938,0.0,0.0,0.0,0.0,0.0,0.0,0.0,0.0,0.0,0.0
186,LA PAZ REGIONAL HOSPITAL,85344,90.0,83.0,88.0,84.0,80.0,80.0,88.0,80.0,85.0,84.0
190,SILOAM SPRINGS REGIONAL HOSPITAL,72761,92.0,91.0,91.0,88.0,85.0,83.0,88.0,81.0,88.0,88.0
191,JOHNSON REGIONAL MEDICAL CENTER,72830,91.0,93.0,90.0,88.0,89.0,75.0,87.0,81.0,89.0,89.0
192,WASHINGTON REGIONAL MEDICAL CENTER,72703,91.0,88.0,92.0,85.0,84.0,78.0,86.0,82.0,89.0,90.0
193,CHI-ST VINCENT INFIRMARY,72205,88.0,82.0,90.0,81.0,81.0,75.0,82.0,81.0,85.0,85.0
194,MERCY HOSPITAL NORTHWEST ARKANSAS,72758,90.0,89.0,91.0,84.0,80.0,77.0,87.0,82.0,89.0,91.0
195,CHAMBERS MEMORIAL HOSPITAL,72833,95.0,96.0,94.0,89.0,91.0,83.0,80.0,83.0,90.0,90.0
196,WHITE COUNTY MEDICAL CENTER,72143,91.0,89.0,91.0,87.0,84.0,81.0,86.0,81.0,88.0,86.0
197,MENA REGIONAL HEALTH SYSTEM,71953,0.0,0.0,0.0,0.0,0.0,0.0,0.0,0.0,0.0,0.0
198,UAMS MEDICAL CENTER,72205,90.0,83.0,91.0,81.0,84.0,77.0,84.0,81.0,89.0,90.0
199,NORTH ARKANSAS REGIONAL MEDICAL CENTER,72601,90.0,90.0,92.0,87.0,88.0,76.0,86.0,80.0,87.0,83.0
200,SPARKS MEDICAL CENTER - VAN BUREN,72956,90.0,92.0,87.0,91.0,88.0,75.0,85.0,79.0,87.0,84.0
201,FORREST CITY MEDICAL CENTER,72335,92.0,91.0,92.0,86.0,87.0,82.0,83.0,81.0,87.0,84.0
202,ST BERNARDS MEDICAL CENTER,72401,92.0,88.0,93.0,84.0,86.0,79.0,88.0,82.0,90.0,91.0
203,NORTHWEST MEDICAL CENTER-SPRINGDALE,72764,89.0,88.0,90.0,82.0,81.0,77.0,86.0,80.0,86.0,86.0
204,CHI ST. VINCENT HOSPITAL HOT SPRINGS,71903,89.0,84.0,90.0,82.0,81.0,78.0,86.0,81.0,87.0,87.0
205,BAXTER REGIONAL MEDICAL CENTER,72653,93.0,86.0,92.0,87.0,86.0,79.0,90.0,83.0,91.0,92.0
206,CONWAY REGIONAL MEDICAL CENTER,72034,93.0,87.0,93.0,87.0,86.0,80.0,83.0,83.0,91.0,91.0
207,BAPTIST HEALTH MEDICAL CENTER NORTH LITTLE ROCK,72117,92.0,87.0,93.0,84.0,82.0,78.0,86.0,83.0,89.0,90.0
208,ARKANSAS METHODIST MEDICAL CENTER,72450,91.0,88.0,92.0,85.0,88.0,76.0,84.0,80.0,87.0,84.0
209,ST MARYS REGIONAL MEDICAL CENTER,72801,87.0,84.0,89.0,81.0,76.0,75.0,85.0,78.0,84.0,80.0
210,FIVE RIVERS MEDICAL CENTER,72455,91.0,93.0,91.0,87.0,86.0,80.0,89.0,82.0,89.0,88.0
211,OUACHITA COUNTY MEDICAL CENTER,71701,91.0,90.0,96.0,90.0,88.0,79.0,87.0,82.0,90.0,86.0
212,DREW MEMORIAL HOSPITAL,71655,90.0,87.0,95.0,85.0,83.0,82.0,83.0,83.0,88.0,89.0
213,SPARKS REGIONAL MEDICAL CENTER,72902,87.0,85.0,87.0,83.0,82.0,76.0,84.0,80.0,85.0,86.0
214,MERCY HOSPITAL FORT SMITH,72917,91.0,87.0,92.0,87.0,81.0,78.0,88.0,83.0,90.0,92.0
215,MAGNOLIA HOSPITAL,71754,90.0,91.0,93.0,86.0,86.0,83.0,87.0,78.0,86.0,81.0
216,GREAT RIVER MEDICAL CENTER,72315,90.0,86.0,90.0,89.0,85.0,75.0,83.0,78.0,85.0,79.0
217,JEFFERSON REGIONAL MEDICAL CENTER,71603,89.0,85.0,91.0,86.0,82.0,77.0,86.0,80.0,86.0,84.0
218,BAPTIST HEALTH MEDICAL CENTER-STUTTGART,72160,97.0,88.0,97.0,94.0,91.0,90.0,90.0,86.0,94.0,93.0
219,NORTH METRO MEDICAL CENTER,72076,84.0,84.0,83.0,83.0,82.0,69.0,73.0,74.0,78.0,73.0
220,BAPTIST HEALTH MEDICAL CENTER-HOT SPRINGS COUNTY,72104,95.0,98.0,95.0,95.0,94.0,86.0,87.0,84.0,92.0,91.0
221,NATIONAL PARK MEDICAL CENTER,71901,86.0,83.0,88.0,78.0,80.0,74.0,83.0,79.0,84.0,86.0
222,SALINE MEMORIAL HOSPITAL,72015,87.0,85.0,90.0,84.0,85.0,75.0,83.0,80.0,85.0,84.0
223,HELENA REGIONAL MEDICAL CENTER,72342,91.0,91.0,91.0,88.0,87.0,81.0,81.0,79.0,86.0,82.0
224,MEDICAL CENTER OF SOUTH ARKANSAS,71730,91.0,88.0,92.0,87.0,82.0,78.0,86.0,82.0,88.0,84.0
225,BAPTIST HEALTH MEDICAL CENTER-LITTLE ROCK,72205,91.0,85.0,91.0,81.0,85.0,75.0,84.0,81.0,89.0,90.0
226,NEA BAPTIST MEMORIAL HOSPITAL,72401,92.0,83.0,92.0,85.0,86.0,80.0,86.0,82.0,91.0,92.0
227,WHITE RIVER MEDICAL CENTER,72503,91.0,88.0,90.0,86.0,85.0,77.0,87.0,81.0,88.0,87.0
229,"ARKANSAS HEART HOSPITAL, LLC",72211,95.0,93.0,96.0,93.0,89.0,85.0,87.0,87.0,96.0,98.0
230,ST VINCENT MEDICAL CENTER/NORTH,72120,90.0,84.0,90.0,86.0,84.0,78.0,83.0,84.0,88.0,87.0
231,ARKANSAS SURGICAL HOSPITAL,72118,95.0,93.0,95.0,91.0,95.0,86.0,92.0,87.0,95.0,96.0
232,NORTHWEST HEALTH PHYSICIANS SPECIALTY HOSPITAL,72703,93.0,88.0,94.0,89.0,89.0,84.0,90.0,86.0,91.0,92.0
233,WADLEY REGIONAL MEDICAL CENTER AT HOPE,71801,90.0,89.0,94.0,82.0,85.0,81.0,79.0,77.0,86.0,81.0
234,BAPTIST HEALTH MEDICAL CENTER-CONWAY,72032,94.0,86.0,93.0,86.0,93.0,80.0,88.0,84.0,92.0,93.0
236,NORTH LOGAN MERCY HOSPITAL,72855,0.0,0.0,0.0,0.0,0.0,0.0,0.0,0.0,0.0,0.0
237,RIVER VALLEY MEDICAL CENTER,72834,0.0,0.0,0.0,0.0,0.0,0.0,0.0,0.0,0.0,0.0
238,MERCY HOSPITAL TURNER MEMORIAL,72949,0.0,0.0,0.0,0.0,0.0,0.0,0.0,0.0,0.0,0.0
240,MERCY HOSPITAL WALDRON,72958,0.0,0.0,0.0,0.0,0.0,0.0,0.0,0.0,0.0,0.0
241,"IZARD COUNTY MEDICAL CENTER, LLC",72519,0.0,0.0,0.0,0.0,0.0,0.0,0.0,0.0,0.0,0.0
242,CROSSRIDGE COMMUNITY HOSPITAL,72396,96.0,91.0,97.0,89.0,90.0,88.0,84.0,86.0,94.0,92.0
243,MCGEHEE HOSPITAL,71654,0.0,0.0,0.0,0.0,0.0,0.0,0.0,0.0,0.0,0.0
244,LAWRENCE MEMORIAL HOSPITAL,72476,0.0,0.0,0.0,0.0,0.0,0.0,0.0,0.0,0.0,0.0
246,HOWARD MEMORIAL HOSPITAL,71852,95.0,95.0,95.0,92.0,92.0,84.0,84.0,82.0,93.0,92.0
247,BAPTIST HEALTH MEDICAL CENTER HEBER SPINGS,72543,95.0,92.0,95.0,91.0,89.0,88.0,93.0,86.0,93.0,91.0
248,OZARK HEALTH,72031,0.0,0.0,0.0,0.0,0.0,0.0,0.0,0.0,0.0,0.0
250,SOUTH MISSISSISSPI COUNTY REGIONAL MEDICAL CENTER,72370,0.0,0.0,0.0,0.0,0.0,0.0,0.0,0.0,0.0,0.0
252,MERCY HOSPITAL BOONEVILLE,72927,0.0,0.0,0.0,0.0,0.0,0.0,0.0,0.0,0.0,0.0
253,"DE QUEEN MEDICAL CENTER, INC",71832,0.0,0.0,0.0,0.0,0.0,0.0,0.0,0.0,0.0,0.0
255,BAPTIST HEALTH MEDICAL CENTER-ARKADELPHIA,71923,94.0,96.0,95.0,88.0,88.0,85.0,89.0,86.0,92.0,90.0
256,FULTON COUNTY HOSPITAL,72576,94.0,94.0,96.0,91.0,86.0,81.0,86.0,82.0,91.0,90.0
257,ASHLEY COUNTY MEDICAL CENTER,71635,95.0,95.0,93.0,92.0,89.0,87.0,90.0,83.0,91.0,89.0
258,CHI ST VINCENT MORRILTON,72110,0.0,0.0,0.0,0.0,0.0,0.0,0.0,0.0,0.0,0.0
259,DELTA MEMORIAL HOSPITAL,71639,0.0,0.0,0.0,0.0,0.0,0.0,0.0,0.0,0.0,0.0
260,BRADLEY COUNTY MEDICAL CENTER,71671,0.0,0.0,0.0,0.0,0.0,0.0,0.0,0.0,0.0,0.0
261,CHICOT MEMORIAL MEDICAL CENTER,71653,0.0,0.0,0.0,0.0,0.0,0.0,0.0,0.0,0.0,0.0
262,MERCY HOSPITAL BERRYVILLE,72616,0.0,0.0,0.0,0.0,0.0,0.0,0.0,0.0,0.0,0.0
263,PIGGOTT COMMUNITY HOSPITAL,72454,0.0,0.0,0.0,0.0,0.0,0.0,0.0,0.0,0.0,0.0
267,ST ROSE HOSPITAL,94545,89.0,87.0,88.0,83.0,77.0,76.0,83.0,77.0,87.0,86.0
268,ST JOSEPH HOSPITAL,95501,88.0,86.0,88.0,79.0,70.0,73.0,86.0,79.0,84.0,84.0
269,MILLS-PENINSULA MEDICAL CENTER,94010,92.0,90.0,92.0,85.0,83.0,80.0,86.0,83.0,92.0,94.0
270,CALIFORNIA PACIFIC MEDICAL CTR-DAVIES CAMPUS HOSP,94117,91.0,86.0,92.0,82.0,76.0,77.0,85.0,82.0,88.0,90.0
271,QUEEN OF THE VALLEY MEDICAL CENTER,94558,89.0,86.0,90.0,84.0,70.0,75.0,84.0,79.0,86.0,87.0
272,ADVENTIST HEALTH ST HELENA,94574,91.0,89.0,90.0,85.0,77.0,79.0,89.0,82.0,88.0,90.0
273,SUTTER AMADOR HOSPITAL,95642,93.0,93.0,93.0,87.0,86.0,79.0,87.0,82.0,91.0,90.0
274,MERCY GENERAL HOSPITAL,95819,92.0,88.0,91.0,84.0,81.0,80.0,88.0,82.0,91.0,91.0
275,RIVERSIDE COMMUNITY HOSPITAL,92501,88.0,83.0,89.0,81.0,69.0,75.0,84.0,79.0,85.0,85.0
276,PARADISE VALLEY HOSPITAL,91950,85.0,87.0,83.0,81.0,77.0,72.0,82.0,76.0,83.0,81.0
277,UC SAN DIEGO HEALTH HILLCREST - HILLCREST MED CTR,92103,92.0,87.0,92.0,86.0,83.0,79.0,89.0,84.0,92.0,92.0
278,GROSSMONT HOSPITAL,91942,90.0,87.0,90.0,83.0,77.0,76.0,86.0,81.0,88.0,88.0
279,MAD RIVER COMMUNITY HOSPITAL,95521,92.0,87.0,92.0,88.0,79.0,78.0,87.0,81.0,88.0,90.0
280,OROVILLE HOSPITAL,95966,86.0,82.0,84.0,77.0,67.0,69.0,85.0,77.0,81.0,77.0
281,BAKERSFIELD MEMORIAL HOSPITAL,93301,89.0,89.0,88.0,81.0,78.0,77.0,84.0,80.0,89.0,89.0
282,SANTA CLARA VALLEY MEDICAL CENTER,95128,87.0,85.0,91.0,80.0,66.0,77.0,86.0,76.0,84.0,84.0
283,ENLOE MEDICAL CENTER,95926,92.0,89.0,90.0,86.0,80.0,82.0,90.0,83.0,91.0,92.0
284,LAC/OLIVE VIEW-UCLA MEDICAL CENTER,91342,92.0,85.0,95.0,83.0,74.0,79.0,86.0,84.0,91.0,91.0
285,ST ELIZABETH COMMUNITY HOSPITAL,96080,92.0,89.0,89.0,86.0,74.0,79.0,89.0,81.0,88.0,87.0
286,ALTA BATES SUMMIT MEDICAL CENTER,94609,88.0,85.0,90.0,79.0,82.0,76.0,87.0,81.0,89.0,89.0
287,EL CENTRO REGIONAL MEDICAL CENTER,92243,88.0,88.0,88.0,81.0,75.0,76.0,85.0,80.0,83.0,82.0
288,CALIFORNIA PACIFIC MEDICAL CTR-PACIFIC CAMPUS HOSP,94115,89.0,84.0,91.0,84.0,69.0,76.0,85.0,81.0,86.0,87.0
289,SAN GORGONIO MEMORIAL HOSPITAL,92220,89.0,91.0,87.0,85.0,75.0,80.0,91.0,81.0,87.0,86.0
290,CALIFORNIA PACIFIC MEDICAL CTR - ST. LUKE'S CAMPUS,94110,85.0,81.0,87.0,79.0,77.0,73.0,82.0,78.0,82.0,80.0
291,ANTELOPE VALLEY HOSPITAL,93534,87.0,83.0,88.0,78.0,71.0,72.0,81.0,77.0,83.0,80.0
292,KAWEAH DELTA MEDICAL CENTER,93291,89.0,85.0,88.0,84.0,75.0,76.0,86.0,79.0,87.0,86.0
293,GLENDALE MEM HOSPITAL & HLTH CENTER,91204,89.0,86.0,89.0,82.0,78.0,77.0,83.0,79.0,86.0,85.0
294,COMMUNITY REGIONAL MEDICAL CENTER,93721,89.0,87.0,89.0,82.0,75.0,78.0,87.0,78.0,88.0,87.0
295,HOLLYWOOD PRESBYTERIAN MEDICAL CENTER,90027,85.0,79.0,85.0,77.0,76.0,73.0,76.0,76.0,82.0,80.0
296,OAK VALLEY HOSPITAL DISTRICT,95361,90.0,90.0,91.0,89.0,77.0,80.0,88.0,82.0,89.0,88.0
297,ST JOSEPH HOSPITAL,92868,92.0,90.0,92.0,86.0,83.0,81.0,89.0,84.0,92.0,93.0
298,KAISER FOUNDATION HOSPITAL - SOUTH SAN FRANCISCO,94080,91.0,87.0,94.0,84.0,71.0,80.0,86.0,83.0,90.0,90.0
299,KAISER FOUNDATION HOSPITAL-SANTA CLARA,95051,91.0,87.0,93.0,83.0,79.0,78.0,87.0,83.0,90.0,91.0
300,KAISER FOUNDATION HOSPITAL - WALNUT CREEK,94596,90.0,86.0,92.0,81.0,72.0,74.0,84.0,81.0,88.0,88.0
301,KAISER FOUNDATION HOSPITAL AND REHAB CENTER,94589,91.0,86.0,92.0,82.0,81.0,78.0,87.0,81.0,90.0,90.0
302,KAISER FOUNDATION HOSPITAL - OAKLAND/RICHMOND,94611,89.0,84.0,92.0,81.0,76.0,75.0,85.0,80.0,89.0,90.0
303,KAISER FOUNDATION HOSPITAL - SAN FRANCISCO,94115,90.0,84.0,92.0,85.0,74.0,78.0,85.0,81.0,88.0,89.0
304,SCRIPPS MERCY HOSPITAL,92103,90.0,85.0,91.0,82.0,75.0,77.0,84.0,81.0,87.0,86.0
305,PROVIDENCE LITTLE CO OF MARY MED CTR SAN PEDRO,90732,91.0,86.0,92.0,82.0,77.0,80.0,84.0,81.0,89.0,88.0
306,ST JOHNS REGIONAL MEDICAL CENTER,93030,90.0,84.0,91.0,81.0,80.0,79.0,88.0,81.0,88.0,87.0
307,ST JOSEPH'S MEDICAL CENTER OF STOCKTON,95204,90.0,83.0,90.0,83.0,74.0,76.0,85.0,80.0,86.0,85.0
308,COMMUNITY HOSPITAL OF SAN BERNARDINO,92411,88.0,83.0,85.0,79.0,77.0,78.0,81.0,78.0,85.0,83.0
309,SONOMA VALLEY HOSPITAL,95476,91.0,89.0,90.0,86.0,79.0,80.0,92.0,82.0,87.0,88.0
310,COMMUNITY HOSPITAL OF HUNTINGTON PARK,90255,84.0,85.0,82.0,76.0,66.0,77.0,79.0,73.0,81.0,76.0
311,SAINT AGNES MEDICAL CENTER,93710,88.0,86.0,88.0,79.0,76.0,74.0,84.0,79.0,86.0,85.0
313,SAN ANTONIO REGIONAL HOSPITAL,91786,90.0,88.0,89.0,84.0,76.0,78.0,85.0,81.0,89.0,90.0
314,SHARP MEMORIAL HOSPITAL,92123,93.0,90.0,92.0,86.0,85.0,81.0,90.0,84.0,93.0,93.0
315,SUTTER SOLANO MEDICAL CENTER,94589,89.0,85.0,91.0,80.0,78.0,76.0,88.0,81.0,86.0,85.0
316,PARKVIEW COMMUNITY HOSPITAL MEDICAL CENTER,92503,85.0,81.0,87.0,77.0,71.0,70.0,80.0,76.0,82.0,79.0
317,WHITE MEMORIAL MEDICAL CENTER,90033,90.0,87.0,89.0,82.0,76.0,78.0,86.0,79.0,88.0,88.0
318,SAINT FRANCIS MEDICAL CENTER,90262,85.0,83.0,85.0,76.0,76.0,68.0,79.0,79.0,83.0,80.0
319,MARIAN REGIONAL MEDICAL CENTER,93454,91.0,89.0,91.0,84.0,81.0,82.0,89.0,81.0,89.0,89.0
320,"SUTTER MEDICAL CENTER, SACRAMENTO",95816,91.0,87.0,90.0,82.0,78.0,77.0,87.0,82.0,90.0,90.0
321,LOMPOC VALLEY MEDICAL CENTER,93436,88.0,91.0,89.0,81.0,77.0,75.0,86.0,78.0,83.0,80.0
322,SANTA MONICA - UCLA MED CTR & ORTHOPAEDIC HOSPITAL,90404,92.0,89.0,91.0,86.0,81.0,80.0,87.0,83.0,91.0,93.0
323,SAN MATEO MEDICAL CENTER,94403,86.0,86.0,89.0,79.0,75.0,76.0,78.0,79.0,85.0,84.0
324,PALOMAR HEALTH DOWNTOWN CAMPUS,92025,92.0,85.0,92.0,82.0,81.0,77.0,86.0,82.0,90.0,91.0
325,NORTHRIDGE HOSPITAL MEDICAL CENTER,91325,91.0,89.0,91.0,82.0,79.0,80.0,87.0,81.0,89.0,89.0
326,DOCTORS HOSPITAL OF MANTECA,95336,91.0,89.0,92.0,85.0,77.0,82.0,88.0,81.0,87.0,87.0
327,ADVENTIST HEALTH HANFORD,93230,90.0,91.0,90.0,83.0,80.0,79.0,87.0,80.0,88.0,86.0
328,DAMERON HOSPITAL,95203,89.0,89.0,91.0,83.0,72.0,76.0,86.0,80.0,87.0,86.0
329,USC VERDUGO HILLS HOSPITAL,91209,89.0,86.0,90.0,82.0,66.0,73.0,81.0,80.0,85.0,85.0
330,REGIONAL MEDICAL CENTER OF SAN JOSE,95116,87.0,87.0,86.0,80.0,74.0,75.0,83.0,77.0,85.0,86.0
331,VALLEY PRESBYTERIAN HOSPITAL,91406,89.0,87.0,87.0,82.0,77.0,80.0,86.0,81.0,87.0,85.0
332,WOODLAND MEMORIAL HOSPITAL,95695,92.0,91.0,92.0,85.0,79.0,81.0,89.0,84.0,89.0,88.0
333,TRI-CITY MEDICAL CENTER,92056,88.0,85.0,91.0,88.0,72.0,76.0,87.0,79.0,84.0,84.0
334,ST BERNARDINE MEDICAL CENTER,92404,89.0,86.0,89.0,80.0,80.0,78.0,84.0,79.0,88.0,87.0
335,NOVATO COMMUNITY HOSPITAL,94945,92.0,90.0,92.0,86.0,81.0,80.0,91.0,84.0,91.0,92.0
336,SAN GABRIEL VALLEY MEDICAL CENTER,91776,89.0,85.0,89.0,84.0,77.0,81.0,86.0,78.0,87.0,86.0
337,RIDEOUT MEMORIAL HOSPITAL,95901,86.0,82.0,87.0,79.0,71.0,71.0,80.0,77.0,80.0,76.0
338,SOUTHERN CALIFORNIA HOSPITAL AT HOLLYWOOD,90028,79.0,80.0,80.0,70.0,69.0,70.0,72.0,72.0,74.0,69.0
339,PETALUMA VALLEY HOSPITAL,94954,91.0,91.0,91.0,86.0,79.0,79.0,88.0,81.0,87.0,87.0
340,KAISER FOUNDATION HOSPITAL - PANORAMA CITY,91402,90.0,88.0,91.0,82.0,82.0,77.0,84.0,81.0,89.0,89.0
341,KAISER FOUNDATION HOSPITAL - LOS ANGELES,90027,90.0,84.0,92.0,83.0,78.0,78.0,85.0,82.0,89.0,89.0
342,KAISER FOUNDATION HOSPITAL - DOWNEY,90242,89.0,85.0,91.0,83.0,79.0,79.0,87.0,82.0,89.0,89.0
343,KAISER FOUNDATION HOSPITAL FONTANA,92335,91.0,87.0,92.0,85.0,81.0,80.0,86.0,82.0,91.0,91.0
344,COMMUNITY HOSPITAL OF THE MONTEREY PENINSULA,93940,92.0,90.0,93.0,85.0,80.0,79.0,88.0,83.0,92.0,93.0
345,CALIFORNIA HOSPITAL MEDICAL CENTER LA,90015,89.0,83.0,88.0,78.0,76.0,78.0,84.0,78.0,86.0,84.0
346,SIERRA NEVADA MEMORIAL HOSPITAL,95945,92.0,88.0,91.0,84.0,79.0,79.0,88.0,80.0,87.0,86.0
347,SAINT FRANCIS MEMORIAL HOSPITAL,94109,89.0,85.0,92.0,80.0,71.0,76.0,85.0,80.0,86.0,86.0
348,O'CONNOR HOSPITAL,95128,89.0,85.0,89.0,81.0,74.0,77.0,84.0,80.0,86.0,86.0
349,ENCINO HOSPITAL MEDICAL CENTER,91436,0.0,0.0,0.0,0.0,0.0,0.0,0.0,0.0,0.0,0.0
350,VENTURA COUNTY MEDICAL CENTER,93003,88.0,87.0,91.0,82.0,78.0,75.0,83.0,81.0,87.0,86.0
351,SAN JOAQUIN GENERAL HOSPITAL,95231,85.0,82.0,89.0,72.0,68.0,71.0,82.0,75.0,82.0,80.0
352,ST JUDE MEDICAL CENTER,92835,92.0,91.0,92.0,87.0,81.0,81.0,89.0,83.0,92.0,93.0
353,PIH HEALTH HOSPITAL-WHITTIER,90602,93.0,90.0,91.0,86.0,84.0,80.0,87.0,84.0,93.0,94.0
354,SANTA ROSA MEMORIAL HOSPITAL,95405,89.0,87.0,88.0,80.0,69.0,75.0,87.0,79.0,86.0,87.0
355,EMANUEL MEDICAL CENTER,95382,89.0,87.0,88.0,82.0,73.0,82.0,86.0,79.0,85.0,85.0
356,JOHN MUIR MEDICAL CENTER - WALNUT CREEK CAMPUS,94598,92.0,89.0,91.0,83.0,80.0,79.0,84.0,82.0,91.0,92.0
357,GEORGE L MEE MEMORIAL HOSPITAL,93930,0.0,0.0,0.0,0.0,0.0,0.0,0.0,0.0,0.0,0.0
358,ST MARY MEDICAL CENTER,90813,90.0,89.0,88.0,81.0,79.0,79.0,85.0,80.0,88.0,87.0
359,ADVENTIST HEALTH REEDLEY,93654,88.0,90.0,91.0,82.0,77.0,78.0,87.0,76.0,87.0,84.0
360,WATSONVILLE COMMUNITY HOSPITAL,95076,89.0,89.0,89.0,83.0,75.0,80.0,87.0,78.0,87.0,87.0
361,WASHINGTON HOSPITAL,94538,90.0,90.0,92.0,83.0,76.0,77.0,85.0,81.0,88.0,88.0
362,SEQUOIA HOSPITAL,94062,93.0,91.0,94.0,83.0,84.0,79.0,89.0,85.0,92.0,94.0
363,PALMDALE REGIONAL MEDICAL CENTER,93552,91.0,92.0,88.0,86.0,83.0,81.0,87.0,81.0,89.0,90.0
364,EAST VALLEY GLENDORA HOSPITAL,91740,0.0,0.0,0.0,0.0,0.0,0.0,0.0,0.0,0.0,0.0
365,ALAMEDA HOSPITAL,94501,88.0,82.0,86.0,81.0,73.0,77.0,80.0,78.0,83.0,83.0
366,SHARP CHULA VISTA MEDICAL CENTER,91911,91.0,89.0,91.0,84.0,76.0,79.0,87.0,84.0,88.0,89.0
367,HOAG MEMORIAL HOSPITAL PRESBYTERIAN,92663,91.0,89.0,92.0,83.0,79.0,78.0,86.0,82.0,92.0,93.0
368,ADVENTIST HEALTH FEATHER RIVER,95969,90.0,88.0,89.0,83.0,74.0,78.0,88.0,82.0,88.0,90.0
369,AHMC ANAHEIM REGIONAL MEDICAL CENTER,92801,89.0,87.0,88.0,85.0,79.0,80.0,84.0,78.0,86.0,85.0
370,ZUCKERBERG SAN FRANCISCO GENERAL HOSP & TRAUMA CTR,94110,89.0,88.0,90.0,82.0,82.0,77.0,88.0,80.0,90.0,90.0
371,GARDEN GROVE HOSPITAL & MEDICAL CENTER,92843,88.0,85.0,90.0,84.0,76.0,77.0,83.0,77.0,86.0,85.0
372,POMONA VALLEY HOSPITAL MEDICAL CENTER,91767,89.0,86.0,88.0,82.0,73.0,77.0,86.0,78.0,87.0,87.0
373,FRENCH HOSPITAL MEDICAL CENTER,93401,92.0,86.0,92.0,85.0,74.0,82.0,91.0,83.0,90.0,92.0
374,SHARP CORONADO HOSPITAL AND HLTHCR CTR,92118,93.0,91.0,93.0,88.0,87.0,80.0,91.0,83.0,91.0,91.0
375,PROVIDENCE SAINT JOSEPH MEDICAL CTR,91505,90.0,88.0,90.0,82.0,79.0,77.0,83.0,80.0,90.0,91.0
376,ADVENTIST HEALTH SIMI VALLEY,93065,88.0,89.0,88.0,82.0,82.0,75.0,86.0,80.0,86.0,88.0
377,METHODIST HOSPITAL OF SOUTHERN CA,91006,91.0,89.0,92.0,81.0,76.0,77.0,86.0,82.0,90.0,91.0
378,GLENDALE ADVENTIST MEDICAL CENTER,91206,90.0,89.0,89.0,84.0,80.0,80.0,87.0,80.0,89.0,90.0
379,DOMINICAN HOSPITAL,95065,91.0,88.0,92.0,81.0,69.0,78.0,88.0,81.0,87.0,87.0
380,DESERT REGIONAL MEDICAL CENTER,92262,88.0,81.0,87.0,81.0,71.0,78.0,83.0,78.0,85.0,85.0
381,ARROWHEAD REGIONAL MEDICAL CENTER,92324,89.0,80.0,89.0,79.0,78.0,77.0,81.0,79.0,87.0,87.0
382,NATIVIDAD MEDICAL CENTER,93906,89.0,88.0,90.0,84.0,74.0,80.0,88.0,77.0,88.0,87.0
383,MARSHALL MEDICAL CENTER,95667,95.0,92.0,93.0,87.0,76.0,81.0,90.0,82.0,90.0,91.0
384,GOOD SAMARITAN HOSPITAL,93308,83.0,87.0,81.0,85.0,75.0,72.0,80.0,77.0,81.0,80.0
385,SIERRA VIEW MEDICAL CENTER,93257,90.0,86.0,90.0,85.0,78.0,78.0,84.0,77.0,87.0,85.0
386,RONALD REAGAN U C L A MEDICAL CENTER,90095,93.0,91.0,93.0,87.0,82.0,78.0,88.0,85.0,93.0,94.0
387,REDLANDS COMMUNITY HOSPITAL,92373,90.0,89.0,90.0,86.0,79.0,80.0,86.0,82.0,90.0,91.0
388,CONTRA COSTA REGIONAL MEDICAL CENTER,94553,89.0,86.0,92.0,80.0,69.0,78.0,87.0,80.0,88.0,87.0
389,PROVIDENCE HOLY CROSS MEDICAL CENTER,91346,91.0,89.0,91.0,88.0,77.0,80.0,86.0,82.0,91.0,91.0
390,HI-DESERT MEDICAL CENTER,92252,91.0,89.0,87.0,88.0,84.0,83.0,86.0,80.0,87.0,84.0
391,MERCY MEDICAL CENTER REDDING,96001,90.0,84.0,89.0,81.0,72.0,77.0,87.0,79.0,86.0,87.0
392,ALHAMBRA HOSPITAL MEDICAL CENTER,91801,87.0,89.0,87.0,85.0,72.0,78.0,83.0,77.0,84.0,81.0
393,STANFORD HEALTH CARE - VALLEYCARE,94588,92.0,86.0,93.0,85.0,77.0,79.0,89.0,83.0,90.0,91.0
394,SETON MEDICAL CENTER,94015,91.0,89.0,92.0,82.0,79.0,77.0,85.0,81.0,86.0,87.0
395,PROVIDENCE SAINT JOHN'S HEALTH CENTER,90404,90.0,86.0,92.0,82.0,82.0,76.0,85.0,81.0,90.0,91.0
396,SUTTER SANTA ROSA REGIONAL HOSPITAL,95403,92.0,86.0,92.0,86.0,81.0,79.0,89.0,83.0,91.0,93.0
397,RIVERSIDE UNIVERSITY HEALTH SYSTEM-MEDICAL CENTER,92555,86.0,78.0,88.0,74.0,71.0,70.0,79.0,75.0,81.0,80.0
398,MERCY HOSPITAL,93301,90.0,86.0,89.0,83.0,76.0,78.0,84.0,80.0,88.0,88.0
399,HAZEL HAWKINS MEMORIAL HOSPITAL,95023,92.0,90.0,91.0,86.0,80.0,83.0,89.0,81.0,89.0,87.0
400,BARSTOW COMMUNITY HOSPITAL,92311,89.0,85.0,88.0,85.0,83.0,76.0,85.0,79.0,85.0,84.0
401,ST MARY MEDICAL CENTER,92307,87.0,81.0,87.0,78.0,70.0,72.0,84.0,79.0,84.0,85.0
402,ADVENTIST HEALTH UKIAH VALLEY,95482,89.0,87.0,89.0,86.0,68.0,81.0,92.0,80.0,86.0,85.0
403,ALTA BATES SUMMIT MEDICAL CENTER - ALTA BATES CAMP,94705,86.0,79.0,88.0,77.0,72.0,72.0,83.0,78.0,84.0,84.0
404,EL CAMINO HOSPITAL,94040,92.0,89.0,93.0,85.0,81.0,79.0,86.0,82.0,91.0,92.0
405,SUTTER ROSEVILLE MEDICAL CENTER,95661,91.0,88.0,91.0,86.0,82.0,80.0,88.0,83.0,91.0,92.0
406,SUTTER TRACY COMMUNITY HOSPITAL,95376,91.0,88.0,91.0,82.0,80.0,78.0,88.0,83.0,89.0,89.0
407,KERN MEDICAL CENTER,93306,88.0,87.0,89.0,80.0,73.0,76.0,84.0,79.0,85.0,84.0
408,HIGHLAND HOSPITAL,94602,88.0,84.0,91.0,82.0,79.0,77.0,83.0,78.0,88.0,87.0
409,SCRIPPS MEMORIAL HOSPITAL LA JOLLA,92037,92.0,89.0,93.0,84.0,84.0,80.0,85.0,83.0,92.0,92.0
410,LOMA LINDA UNIVERSITY MEDICAL CENTER,92354,90.0,85.0,90.0,83.0,71.0,79.0,89.0,82.0,90.0,91.0
411,CORONA REGIONAL MEDICAL CENTER,92882,87.0,83.0,86.0,81.0,70.0,74.0,84.0,77.0,84.0,81.0
412,SALINAS VALLEY MEMORIAL HOSPITAL,93901,92.0,91.0,91.0,87.0,73.0,80.0,88.0,83.0,89.0,90.0
413,ADVENTIST HEALTH SONORA,95370,90.0,87.0,88.0,87.0,77.0,78.0,89.0,81.0,87.0,85.0
414,ADVENTIST HEALTH LODI MEMORIAL,95240,91.0,87.0,88.0,83.0,78.0,78.0,88.0,79.0,87.0,88.0
415,PIONEERS MEMORIAL HEALTHCARE DISTRICT,92227,87.0,87.0,87.0,78.0,72.0,76.0,83.0,79.0,84.0,85.0
416,UNIVERSITY OF CALIFORNIA IRVINE MED CENTER,92868,91.0,87.0,91.0,85.0,80.0,76.0,86.0,81.0,89.0,89.0
417,BEVERLY HOSPITAL,90640,87.0,87.0,88.0,79.0,74.0,75.0,83.0,78.0,84.0,81.0
418,TORRANCE MEMORIAL MEDICAL CENTER,90509,92.0,89.0,92.0,86.0,83.0,80.0,86.0,83.0,93.0,94.0
419,BARTON MEMORIAL HOSPITAL,96150,93.0,90.0,93.0,90.0,83.0,83.0,92.0,84.0,91.0,90.0
420,PROVIDENCE LITTLE COMPANY OF MARY MED CTR TORRANCE,90503,91.0,88.0,91.0,82.0,79.0,78.0,83.0,81.0,90.0,91.0
421,GOLETA VALLEY COTTAGE HOSPITAL,93111,94.0,91.0,94.0,90.0,86.0,83.0,91.0,86.0,94.0,95.0
422,MARIN GENERAL HOSPITAL,94904,88.0,82.0,89.0,82.0,70.0,72.0,86.0,79.0,85.0,86.0
423,NORTHBAY MEDICAL CENTER,94533,92.0,83.0,92.0,85.0,74.0,80.0,90.0,83.0,88.0,88.0
424,LAC+USC MEDICAL CENTER,90033,87.0,84.0,90.0,79.0,80.0,74.0,84.0,82.0,89.0,88.0
425,LAC/HARBOR-UCLA MED CENTER,90502,90.0,80.0,92.0,82.0,68.0,80.0,84.0,82.0,89.0,87.0
426,PACIFICA HOSPITAL OF THE VALLEY,91352,85.0,84.0,82.0,79.0,73.0,71.0,75.0,72.0,79.0,74.0
427,GOOD SAMARITAN HOSPITAL,95124,89.0,88.0,89.0,82.0,73.0,76.0,86.0,81.0,87.0,90.0
428,CITRUS VALLEY MEDICAL CENTER-IC CAMPUS,91723,91.0,88.0,89.0,83.0,72.0,76.0,83.0,81.0,88.0,87.0
429,HEMET VALLEY MEDICAL CENTER,92543,87.0,84.0,84.0,78.0,71.0,73.0,82.0,76.0,78.0,75.0
430,PIH HOSPITAL - DOWNEY,90241,89.0,89.0,90.0,81.0,77.0,74.0,83.0,78.0,85.0,83.0
431,COMMUNITY MEMORIAL HOSPITAL SAN BUENAVENTURA,93003,91.0,84.0,91.0,83.0,70.0,76.0,85.0,80.0,85.0,85.0
432,SANTA BARBARA COTTAGE HOSPITAL,93102,93.0,91.0,93.0,86.0,83.0,80.0,87.0,84.0,93.0,94.0
434,CHINESE HOSPITAL,94133,87.0,88.0,89.0,87.0,77.0,77.0,91.0,80.0,91.0,88.0
435,KAISER FOUNDATION HOSPITAL - SOUTH BAY,90710,92.0,87.0,93.0,86.0,85.0,79.0,87.0,82.0,91.0,91.0
436,MERCY HOSPITAL OF FOLSOM,95630,90.0,88.0,91.0,83.0,77.0,76.0,86.0,82.0,89.0,89.0
437,SUTTER COAST HOSPITAL,95531,90.0,84.0,89.0,85.0,79.0,74.0,85.0,77.0,81.0,79.0
438,PALO VERDE HOSPITAL,92225,0.0,0.0,0.0,0.0,0.0,0.0,0.0,0.0,0.0,0.0
439,SCRIPPS GREEN HOSPITAL,92037,93.0,90.0,95.0,84.0,85.0,82.0,89.0,85.0,92.0,93.0
440,KAISER FOUNDATION HOSPITAL - SACRAMENTO,95825,90.0,82.0,92.0,83.0,68.0,75.0,86.0,80.0,86.0,86.0
441,WEST ANAHEIM MEDICAL CENTER,92804,84.0,85.0,84.0,79.0,69.0,68.0,79.0,75.0,82.0,80.0
442,HUNTINGTON MEMORIAL HOSPITAL,91109,91.0,89.0,92.0,85.0,82.0,75.0,88.0,83.0,92.0,95.0
443,STANFORD HEALTH CARE,94305,92.0,88.0,92.0,83.0,72.0,78.0,88.0,84.0,91.0,92.0
444,MERCY MEDICAL CENTER,95340,89.0,89.0,86.0,80.0,81.0,79.0,83.0,79.0,85.0,82.0
445,UCSF MEDICAL CENTER,94143,93.0,89.0,93.0,86.0,84.0,79.0,90.0,85.0,93.0,95.0
446,ADVENTIST HEALTH BAKERSFIELD,93301,89.0,85.0,89.0,82.0,76.0,78.0,86.0,80.0,87.0,87.0
447,ST MARY'S MEDICAL CENTER,94117,91.0,90.0,92.0,82.0,70.0,80.0,86.0,81.0,88.0,89.0
448,DOCTORS MEDICAL CENTER,95350,90.0,85.0,89.0,84.0,74.0,82.0,87.0,80.0,88.0,88.0
449,MEMORIAL HOSPITAL OF GARDENA,90247,81.0,80.0,81.0,73.0,71.0,69.0,74.0,71.0,77.0,71.0
450,GOOD SAMARITAN HOSPITAL,90017,87.0,85.0,88.0,79.0,74.0,74.0,84.0,77.0,86.0,86.0
451,WEST HILLS HOSPITAL & MEDICAL CENTER,91307,89.0,84.0,88.0,82.0,75.0,76.0,82.0,80.0,85.0,86.0
452,LONG BEACH MEMORIAL MEDICAL CENTER,90806,91.0,88.0,91.0,84.0,75.0,78.0,83.0,81.0,89.0,90.0
453,EDEN MEDICAL CENTER,94546,90.0,88.0,91.0,83.0,82.0,77.0,86.0,80.0,90.0,91.0
454,CLOVIS COMMUNITY MEDICAL CENTER,93611,91.0,91.0,90.0,85.0,80.0,79.0,92.0,82.0,90.0,92.0
455,JOHN MUIR MEDICAL CENTER - CONCORD CAMPUS,94520,91.0,87.0,91.0,83.0,81.0,75.0,87.0,83.0,90.0,92.0
456,SUTTER AUBURN FAITH HOSPITAL,95603,91.0,91.0,94.0,84.0,81.0,83.0,89.0,83.0,90.0,91.0
457,SAINT VINCENT MEDICAL CENTER,90057,87.0,80.0,89.0,78.0,74.0,70.0,83.0,79.0,84.0,83.0
458,SCRIPPS MEMORIAL HOSPITAL - ENCINITAS,92024,91.0,88.0,91.0,83.0,75.0,78.0,84.0,81.0,88.0,90.0
459,SIERRA VISTA REGIONAL MEDICAL CENTER,93405,89.0,83.0,89.0,84.0,70.0,82.0,88.0,80.0,86.0,86.0
460,KAISER FOUNDATION HOSPITAL,94903,92.0,85.0,93.0,86.0,69.0,79.0,88.0,82.0,89.0,90.0
461,KAISER FOUNDATION HOSPITAL - FREMONT,94538,89.0,87.0,92.0,83.0,76.0,76.0,85.0,83.0,89.0,89.0
462,KAISER FOUNDATION HOSPITAL - ZION,92120,92.0,90.0,92.0,87.0,82.0,79.0,88.0,83.0,91.0,92.0
463,MERCY SAN JUAN MEDICAL CENTER,95608,90.0,85.0,90.0,83.0,77.0,80.0,87.0,80.0,88.0,87.0
464,VICTOR VALLEY GLOBAL MEDICAL CENTER,92392,80.0,76.0,81.0,71.0,67.0,65.0,78.0,72.0,75.0,70.0
465,SUTTER DELTA MEDICAL CENTER,94509,88.0,83.0,89.0,78.0,73.0,73.0,83.0,78.0,82.0,81.0
466,HUNTINGTON BEACH HOSPITAL,92647,83.0,83.0,79.0,78.0,71.0,69.0,73.0,70.0,79.0,76.0
467,MEMORIAL HOSPITAL LOS BANOS,93635,91.0,91.0,90.0,86.0,85.0,77.0,85.0,81.0,89.0,86.0
468,JOHN F KENNEDY MEMORIAL HOSPITAL,92201,89.0,89.0,90.0,84.0,74.0,81.0,85.0,77.0,87.0,85.0
469,SUTTER DAVIS HOSPITAL,95616,94.0,92.0,94.0,88.0,79.0,85.0,92.0,85.0,93.0,93.0
470,KAISER FOUNDATION HOSPITAL - REDWOOD CITY,94063,91.0,91.0,93.0,86.0,81.0,81.0,87.0,83.0,92.0,93.0
475,LOS ROBLES HOSPITAL & MEDICAL CENTER,91360,89.0,87.0,88.0,83.0,79.0,77.0,86.0,80.0,87.0,88.0
476,LOS ALAMITOS MEDICAL CENTER,90720,89.0,86.0,88.0,84.0,66.0,80.0,85.0,79.0,85.0,85.0
477,MEMORIAL MEDICAL CENTER,95355,90.0,86.0,90.0,82.0,78.0,76.0,88.0,80.0,88.0,89.0
478,KAISER FOUNDATION HOSPITAL - WEST LA,90034,90.0,84.0,92.0,81.0,79.0,79.0,86.0,81.0,88.0,88.0
479,MISSION HOSPITAL REGIONAL MED CENTER,92691,92.0,91.0,91.0,85.0,79.0,81.0,87.0,82.0,91.0,91.0
480,MADERA COMMUNITY HOSPITAL,93637,88.0,83.0,90.0,81.0,72.0,76.0,85.0,79.0,85.0,82.0
481,FOUNTAIN VALLEY REGIONAL HOSPITAL & MEDICAL CENTER,92708,85.0,81.0,85.0,79.0,70.0,76.0,83.0,76.0,83.0,81.0
482,EISENHOWER MEDICAL CENTER,92270,91.0,87.0,90.0,84.0,79.0,75.0,83.0,81.0,90.0,92.0
483,LA PALMA INTERCOMMUNITY HOSPITAL,90623,85.0,89.0,84.0,82.0,72.0,70.0,81.0,77.0,82.0,80.0
484,LAKEWOOD REGIONAL MEDICAL CENTER,90712,89.0,86.0,89.0,83.0,74.0,86.0,84.0,79.0,86.0,85.0
485,CHINO VALLEY MEDICAL CENTER,91710,90.0,90.0,88.0,84.0,81.0,77.0,86.0,78.0,88.0,86.0
486,SAN DIMAS COMMUNITY HOSPITAL,91773,87.0,88.0,86.0,81.0,74.0,74.0,80.0,78.0,85.0,83.0
487,PLACENTIA LINDA HOSPITAL,92870,88.0,87.0,87.0,83.0,76.0,82.0,86.0,81.0,86.0,85.0
488,METHODIST HOSPITAL OF SACRAMENTO,95823,89.0,87.0,90.0,79.0,73.0,77.0,87.0,80.0,86.0,84.0
489,FOOTHILL PRESBYTERIAN HOSPITAL,91740,90.0,86.0,91.0,81.0,75.0,74.0,81.0,78.0,87.0,87.0
490,UNIVERSITY OF CALIFORNIA DAVIS MEDICAL CENTER,95817,92.0,85.0,92.0,84.0,73.0,78.0,88.0,83.0,89.0,91.0
491,MEMORIALCARE SADDLEBACK MEDICAL CENTER,92653,91.0,88.0,91.0,82.0,73.0,75.0,85.0,81.0,89.0,90.0
492,KAISER FOUNDATION HOSPITAL-SAN JOSE,95119,90.0,86.0,92.0,82.0,73.0,76.0,86.0,81.0,87.0,88.0
493,DELANO REGIONAL MEDICAL CENTER,93215,87.0,91.0,88.0,84.0,73.0,78.0,84.0,75.0,84.0,82.0
494,KAISER FOUNDATION HOSPITAL - ORANGE COUNTY - ANAHE,92806,92.0,88.0,93.0,86.0,83.0,80.0,88.0,83.0,92.0,92.0
495,ST JOHNS PLEASANT VALLEY HOSPITAL,93010,90.0,88.0,90.0,82.0,73.0,81.0,89.0,82.0,87.0,88.0
496,HENRY MAYO NEWHALL  HOSPITAL,91355,91.0,86.0,91.0,83.0,73.0,79.0,86.0,82.0,89.0,89.0
497,CEDARS-SINAI MEDICAL CENTER,90048,91.0,88.0,92.0,86.0,79.0,76.0,84.0,82.0,92.0,93.0
498,TWIN CITIES COMMUNITY HOSPITAL,93465,90.0,88.0,90.0,85.0,75.0,81.0,90.0,81.0,86.0,85.0
499,POMERADO HOSPITAL,92064,92.0,86.0,92.0,85.0,79.0,78.0,86.0,83.0,87.0,88.0
500,EAST LOS ANGELES DOCTORS HOSPITAL,90023,86.0,90.0,87.0,82.0,74.0,74.0,85.0,75.0,86.0,84.0
501,LOS ANGELES COMMUNITY HOSPITAL,90023,75.0,76.0,73.0,68.0,53.0,60.0,66.0,67.0,66.0,57.0
503,KAISER FOUNDATION HOSP SO SACRAMENTO,95823,91.0,86.0,92.0,85.0,76.0,78.0,86.0,81.0,90.0,90.0
504,KAISER FOUNDATION HOSPITAL - WOODLAND HILLS,91367,91.0,89.0,93.0,85.0,78.0,81.0,87.0,82.0,90.0,90.0
505,ORANGE COAST MEMORIAL MEDICAL CENTER,92708,91.0,88.0,91.0,84.0,77.0,76.0,88.0,82.0,89.0,90.0
506,MENIFEE VALLEY MEDICAL CENTER,92585,83.0,79.0,85.0,71.0,67.0,63.0,77.0,70.0,77.0,75.0
507,"KAISER FOUNDATION HOSPITAL, RIVERSIDE",92505,90.0,86.0,92.0,83.0,74.0,79.0,86.0,81.0,89.0,89.0
508,ST LOUISE REGIONAL HOSPITAL,95020,91.0,91.0,89.0,85.0,76.0,79.0,86.0,81.0,86.0,86.0
509,SAN RAMON REGIONAL MEDICAL CENTER,94583,90.0,83.0,91.0,83.0,78.0,82.0,86.0,81.0,87.0,88.0
510,KAISER FOUNDATION HOSPITAL-SANTA ROSA,95403,93.0,88.0,92.0,85.0,78.0,79.0,87.0,82.0,91.0,93.0
511,KECK HOSPITAL OF USC,90033,91.0,85.0,92.0,83.0,82.0,77.0,86.0,83.0,92.0,92.0
512,PATIENTS' HOSPITAL OF REDDING,96001,0.0,0.0,0.0,0.0,0.0,0.0,0.0,0.0,0.0,0.0
513,SOUTHWEST HEALTHCARE SYSTEM,92562,88.0,84.0,88.0,81.0,76.0,76.0,85.0,79.0,85.0,84.0
514,MISSION COMMUNITY HOSPITAL,91402,80.0,84.0,83.0,77.0,63.0,63.0,75.0,71.0,76.0,70.0
515,FRESNO SURGICAL HOSPITAL,93710,97.0,96.0,94.0,95.0,92.0,88.0,92.0,88.0,96.0,97.0
516,DESERT VALLEY HOSPITAL,92395,87.0,91.0,84.0,82.0,78.0,70.0,78.0,77.0,85.0,83.0
517,KAISER FOUNDATION HOSPITAL - FRESNO,93720,91.0,88.0,93.0,83.0,79.0,76.0,87.0,82.0,90.0,91.0
518,SUTTER MATERNITY & SURGERY CENTER OF SANTA CRUZ,95065,94.0,93.0,93.0,90.0,89.0,85.0,93.0,85.0,94.0,95.0
519,LAC/RANCHO LOS AMIGOS NATIONAL REHABILITATION  CTR,90242,91.0,88.0,91.0,82.0,76.0,78.0,87.0,85.0,89.0,89.0
520,KAISER FOUNDATION HOSPITAL - BALDWIN PARK,91706,92.0,89.0,93.0,86.0,81.0,83.0,88.0,83.0,91.0,91.0
521,BAKERSFIELD HEART HOSPITAL,93308,89.0,86.0,88.0,88.0,80.0,78.0,86.0,82.0,89.0,90.0
522,STANISLAUS SURGICAL HOSPITAL,95355,95.0,97.0,94.0,94.0,92.0,86.0,91.0,88.0,94.0,94.0
523,COMMUNITY HOSPITAL OF LONG BEACH,90804,89.0,82.0,88.0,82.0,75.0,72.0,74.0,77.0,84.0,81.0
524,WHITTIER HOSPITAL MEDICAL CENTER,90605,89.0,87.0,89.0,83.0,78.0,82.0,85.0,77.0,86.0,85.0
525,MONTEREY PARK HOSPITAL,91754,90.0,88.0,90.0,84.0,75.0,77.0,86.0,76.0,88.0,87.0
526,GARFIELD MEDICAL CENTER,91754,89.0,88.0,89.0,85.0,73.0,80.0,86.0,78.0,88.0,85.0
527,GREATER EL MONTE COMMUNITY HOSPITAL,91733,89.0,88.0,86.0,81.0,75.0,79.0,84.0,76.0,85.0,82.0
528,CENTINELA HOSPITAL MEDICAL CENTER,90301,89.0,85.0,87.0,86.0,75.0,78.0,83.0,78.0,85.0,84.0
529,MARINA DEL REY HOSPITAL,90291,86.0,85.0,89.0,82.0,78.0,74.0,83.0,80.0,85.0,85.0
530,OLYMPIA MEDICAL CENTER,90036,83.0,83.0,83.0,78.0,79.0,69.0,76.0,75.0,80.0,77.0
531,ANAHEIM GLOBAL MEDICAL CENTER,92805,85.0,85.0,87.0,78.0,71.0,76.0,81.0,75.0,83.0,79.0
532,CHAPMAN GLOBAL MEDICAL CENTER,92869,85.0,88.0,87.0,85.0,81.0,75.0,82.0,75.0,81.0,80.0
533,ORANGE COUNTY GLOBAL MEDICAL CENTER,92705,87.0,85.0,87.0,80.0,71.0,77.0,84.0,75.0,85.0,84.0
534,SOUTH COAST GLOBAL MEDICAL CENTER,92704,84.0,84.0,84.0,78.0,72.0,72.0,81.0,74.0,84.0,81.0
535,KAISER FOUNDATION HOSPITAL MANTECA,95337,90.0,87.0,91.0,85.0,80.0,76.0,85.0,81.0,89.0,89.0
536,MIRACLE MILE MEDICAL CENTER,90036,0.0,0.0,0.0,0.0,0.0,0.0,0.0,0.0,0.0,0.0
537,MENLO PARK SURGICAL HOSPITAL,94025,95.0,92.0,96.0,94.0,96.0,88.0,91.0,85.0,94.0,94.0
538,SHERMAN OAKS HOSPITAL,91403,86.0,87.0,85.0,81.0,72.0,74.0,80.0,76.0,84.0,80.0
539,ALVARADO HOSPITAL MEDICAL CENTER,92120,88.0,86.0,87.0,85.0,74.0,78.0,85.0,79.0,84.0,82.0
540,MONTCLAIR HOSPITAL MEDICAL CENTER,91763,88.0,90.0,87.0,84.0,74.0,80.0,84.0,77.0,85.0,84.0
541,KAISER FOUNDATION HOSPITAL - ANTIOCH,94531,91.0,86.0,92.0,85.0,80.0,76.0,87.0,82.0,90.0,91.0
542,PROVIDENCE TARZANA MEDICAL CENTER,91356,90.0,86.0,91.0,82.0,74.0,73.0,81.0,80.0,88.0,88.0
543,SILVER LAKE MEDICAL CENTER,90026,0.0,0.0,0.0,0.0,0.0,0.0,0.0,0.0,0.0,0.0
544,SHASTA REGIONAL MEDICAL CENTER,96001,88.0,83.0,86.0,83.0,74.0,73.0,85.0,80.0,86.0,87.0
545,KAISER FOUNDATION HOSPITAL-MORENO VALLEY,92555,90.0,82.0,92.0,81.0,76.0,79.0,86.0,82.0,88.0,88.0
546,SUTTER SURGICAL HOSPITAL - NORTH VALLEY,95991,96.0,91.0,96.0,94.0,91.0,90.0,88.0,87.0,95.0,96.0
547,KAISER FOUNDATION HOSPITAL - VACAVILLE,95688,90.0,87.0,92.0,82.0,80.0,75.0,87.0,82.0,90.0,91.0
548,HOAG ORTHOPEDIC INSTITUTE,92618,95.0,93.0,94.0,91.0,88.0,85.0,93.0,86.0,95.0,96.0
549,LOMA LINDA UNIVERSITY MEDICAL CENTER-MURRIETA,92563,89.0,86.0,89.0,83.0,84.0,77.0,84.0,80.0,89.0,91.0
550,COAST PLAZA HOSPITAL,90650,84.0,84.0,84.0,77.0,65.0,74.0,77.0,74.0,79.0,77.0
551,KAISER FOUNDATION HOSPITAL - ROSEVILLE,95661,91.0,86.0,92.0,84.0,75.0,77.0,85.0,82.0,90.0,92.0
552,SAN LEANDRO HOSPITAL,94578,86.0,87.0,89.0,79.0,74.0,75.0,83.0,77.0,84.0,84.0
553,TEMECULA VALLEY HOSPITAL,92592,92.0,86.0,88.0,88.0,78.0,79.0,87.0,81.0,90.0,91.0
554,COLLEGE MEDICAL CENTER,90806,0.0,0.0,0.0,0.0,0.0,0.0,0.0,0.0,0.0,0.0
555,KAISER FOUNDATION HOSPITAL - SAN LEANDRO,94577,90.0,88.0,91.0,83.0,80.0,75.0,84.0,81.0,89.0,89.0
556,LOMA LINDA UNIVERSITY CHILDREN'S HOSPITAL,92354,89.0,82.0,89.0,81.0,77.0,76.0,88.0,80.0,88.0,89.0
557,"MARTIN LUTHER KING, JR. COMMUNITY HOSPITAL",90059,92.0,91.0,92.0,84.0,85.0,80.0,86.0,84.0,92.0,91.0
558,FOOTHILL REGIONAL MEDICAL CENTER,92780,82.0,80.0,83.0,77.0,71.0,74.0,75.0,74.0,77.0,73.0
560,CASA COLINA HOSPITAL,91767,94.0,93.0,93.0,84.0,84.0,77.0,85.0,84.0,93.0,95.0
565,MAMMOTH HOSPITAL,93546,95.0,85.0,95.0,93.0,87.0,87.0,93.0,85.0,93.0,95.0
566,JOHN C FREMONT HEALTHCARE DISTRICT,95338,0.0,0.0,0.0,0.0,0.0,0.0,0.0,0.0,0.0,0.0
567,MAYERS MEMORIAL HOSPITAL,96028,0.0,0.0,0.0,0.0,0.0,0.0,0.0,0.0,0.0,0.0
572,ADVENTIST HEALTH HOWARD MEMORIAL,95490,94.0,94.0,95.0,88.0,86.0,85.0,91.0,86.0,94.0,95.0
574,MOUNTAINS COMMUNITY HOSPITAL,92352,0.0,0.0,0.0,0.0,0.0,0.0,0.0,0.0,0.0,0.0
575,KERN VALLEY HEALTHCARE DISTRICT,93240,0.0,0.0,0.0,0.0,0.0,0.0,0.0,0.0,0.0,0.0
576,TRINITY HOSPITAL,96093,0.0,0.0,0.0,0.0,0.0,0.0,0.0,0.0,0.0,0.0
577,FAIRCHILD MEDICAL CENTER,96097,90.0,90.0,88.0,85.0,78.0,77.0,83.0,77.0,87.0,84.0
578,ADVENTIST HEALTH CLEARLAKE,95422,89.0,87.0,86.0,88.0,79.0,82.0,85.0,80.0,85.0,82.0
579,REDWOOD MEMORIAL HOSPITAL,95540,92.0,92.0,92.0,88.0,77.0,81.0,91.0,81.0,88.0,87.0
580,MERCY MEDICAL CENTER MT SHASTA,96067,96.0,93.0,93.0,91.0,82.0,80.0,89.0,84.0,92.0,91.0
581,BANNER LASSEN MEDICAL CENTER,96130,92.0,90.0,93.0,90.0,85.0,86.0,89.0,82.0,89.0,87.0
582,HEALDSBURG DISTRICT HOSPITAL,95448,93.0,92.0,92.0,92.0,79.0,81.0,85.0,80.0,90.0,92.0
583,COLORADO RIVER MEDICAL CENTER,92363,0.0,0.0,0.0,0.0,0.0,0.0,0.0,0.0,0.0,0.0
584,NORTHERN INYO HOSPITAL,93514,92.0,92.0,91.0,88.0,76.0,82.0,92.0,82.0,90.0,89.0
585,MENDOCINO COAST DISTRICT HOSPITAL,95437,92.0,86.0,90.0,90.0,84.0,78.0,86.0,82.0,84.0,84.0
586,PLUMAS DISTRICT HOSPITAL,95971,0.0,0.0,0.0,0.0,0.0,0.0,0.0,0.0,0.0,0.0
588,TAHOE FOREST HOSPITAL,96161,94.0,92.0,94.0,92.0,89.0,87.0,92.0,86.0,94.0,95.0
589,SUTTER LAKESIDE HOSPITAL,95453,93.0,91.0,93.0,89.0,84.0,84.0,94.0,84.0,92.0,91.0
590,MODOC MEDICAL CENTER,96101,0.0,0.0,0.0,0.0,0.0,0.0,0.0,0.0,0.0,0.0
591,SANTA YNEZ VALLEY COTTAGE HOSPITAL,93463,0.0,0.0,0.0,0.0,0.0,0.0,0.0,0.0,0.0,0.0
592,MARK TWAIN MEDICAL CENTER,95249,0.0,0.0,0.0,0.0,0.0,0.0,0.0,0.0,0.0,0.0
594,OJAI VALLEY COMMUNITY HOSPITAL,93023,96.0,93.0,94.0,92.0,83.0,83.0,92.0,86.0,93.0,94.0
595,BEAR VALLEY COMMUNITY HOSPITAL,92315,0.0,0.0,0.0,0.0,0.0,0.0,0.0,0.0,0.0,0.0
607,NORTH COLORADO MEDICAL CENTER,80631,91.0,89.0,91.0,86.0,83.0,83.0,90.0,83.0,88.0,88.0
608,LONGMONT UNITED HOSPITAL,80501,93.0,91.0,92.0,90.0,89.0,81.0,91.0,83.0,90.0,89.0
609,PLATTE VALLEY MEDICAL CENTER,80601,91.0,93.0,92.0,87.0,84.0,82.0,89.0,83.0,89.0,89.0
610,MONTROSE MEMORIAL HOSPITAL,81401,93.0,95.0,94.0,90.0,86.0,85.0,90.0,85.0,93.0,92.0
611,SAN LUIS VALLEY HEALTH,81101,89.0,89.0,89.0,85.0,79.0,75.0,86.0,80.0,84.0,82.0
612,LUTHERAN MEDICAL CENTER,80033,93.0,88.0,91.0,88.0,82.0,81.0,90.0,83.0,91.0,91.0
613,POUDRE VALLEY HOSPITAL,80524,92.0,88.0,91.0,86.0,84.0,79.0,90.0,82.0,90.0,91.0
614,DENVER HEALTH MEDICAL CENTER,80204,89.0,83.0,90.0,83.0,80.0,79.0,88.0,80.0,88.0,87.0
615,CENTURA HEALTH-ST MARY CORWIN MEDICAL CENTER,81004,91.0,86.0,91.0,86.0,80.0,77.0,88.0,80.0,87.0,86.0
616,MERCY REGIONAL MEDICAL CENTER,81301,93.0,89.0,93.0,86.0,85.0,80.0,90.0,83.0,91.0,93.0
617,PRESBYTERIAN ST LUKES MEDICAL CENTER,80218,91.0,90.0,91.0,87.0,86.0,81.0,89.0,84.0,89.0,90.0
618,CENTURA HEALTH-ST ANTHONY HOSPITAL,80228,92.0,87.0,90.0,84.0,85.0,78.0,86.0,81.0,91.0,91.0
619,"PARKVIEW MEDICAL CENTER, INC",81003,92.0,89.0,89.0,84.0,79.0,79.0,88.0,82.0,89.0,90.0
620,UNIVERSITY COLO HEALTH MEMORIAL HOSPITAL CENTRAL,80909,91.0,89.0,91.0,85.0,81.0,79.0,88.0,82.0,89.0,89.0
621,ST MARYS  MEDICAL CENTER,81502,92.0,89.0,90.0,86.0,83.0,78.0,88.0,81.0,90.0,90.0
622,UNIVERSITY OF COLORADO HOSPITAL AUTHORITY,80045,91.0,88.0,91.0,82.0,85.0,80.0,88.0,83.0,91.0,91.0
623,FOOTHILLS HOSPITAL,80303,91.0,88.0,91.0,83.0,85.0,78.0,88.0,82.0,89.0,90.0
624,SAINT JOSEPH HOSPITAL,80218,93.0,89.0,93.0,88.0,87.0,82.0,90.0,84.0,92.0,93.0
625,MCKEE MEDICAL CENTER,80538,92.0,88.0,91.0,90.0,82.0,85.0,92.0,85.0,89.0,89.0
626,CENTURA HEALTH-PENROSE ST FRANCIS HEALTH SERVICES,80907,91.0,88.0,91.0,84.0,85.0,77.0,86.0,83.0,90.0,91.0
627,ROSE MEDICAL CENTER,80220,93.0,89.0,93.0,88.0,84.0,82.0,90.0,85.0,91.0,92.0
628,SWEDISH MEDICAL CENTER,80113,91.0,87.0,89.0,85.0,81.0,80.0,87.0,83.0,89.0,91.0
629,COLORADO PLAINS MEDICAL CENTER,80701,90.0,91.0,91.0,88.0,83.0,82.0,87.0,83.0,88.0,86.0
630,UCHEALTH YAMPA VALLEY MEDICAL CENTER,80487,93.0,89.0,94.0,91.0,88.0,84.0,91.0,84.0,94.0,95.0
631,COMMUNITY HOSPITAL,81505,90.0,84.0,90.0,83.0,82.0,73.0,85.0,80.0,88.0,88.0
632,CENTURA HEALTH-PORTER ADVENTIST HOSPITAL,80210,91.0,89.0,92.0,85.0,84.0,78.0,89.0,82.0,89.0,89.0
633,NORTH SUBURBAN MEDICAL CENTER,80229,90.0,90.0,89.0,84.0,79.0,80.0,89.0,82.0,87.0,85.0
634,DELTA COUNTY MEMORIAL HOSPITAL,81416,91.0,88.0,91.0,88.0,83.0,81.0,92.0,83.0,89.0,90.0
635,VALLEY VIEW HOSPITAL ASSOCIATION,81601,92.0,88.0,92.0,86.0,85.0,79.0,87.0,83.0,91.0,92.0
636,STERLING REGIONAL MEDCENTER,80751,93.0,88.0,92.0,88.0,81.0,84.0,90.0,82.0,90.0,89.0
637,VAIL HEALTH HOSPITAL,81657,91.0,89.0,92.0,88.0,87.0,81.0,89.0,80.0,91.0,91.0
638,"MEDICAL CENTER OF AURORA, THE",80012,90.0,85.0,89.0,84.0,81.0,80.0,88.0,81.0,87.0,87.0
639,CENTURA HEALTH-AVISTA ADVENTIST HOSPITAL,80027,93.0,91.0,92.0,87.0,86.0,80.0,89.0,83.0,91.0,92.0
640,ST ANTHONY NORTH HEALTH CAMPUS,80023,91.0,91.0,91.0,83.0,86.0,78.0,88.0,81.0,90.0,90.0
642,SKY RIDGE MEDICAL CENTER,80124,90.0,84.0,90.0,86.0,83.0,80.0,88.0,83.0,88.0,89.0
643,CENTURA HEALTH-LITTLETON ADVENTIST HOSPITAL,80122,91.0,88.0,91.0,86.0,82.0,82.0,85.0,83.0,90.0,91.0
644,PARKER ADVENTIST HOSPITAL,80138,90.0,84.0,91.0,82.0,84.0,75.0,90.0,83.0,89.0,89.0
645,GOOD SAMARITAN MEDICAL CENTER,80026,92.0,87.0,92.0,87.0,84.0,81.0,89.0,83.0,91.0,92.0
646,"ANIMAS SURGICAL HOSPITAL, LLC",81301,95.0,95.0,96.0,95.0,87.0,88.0,95.0,89.0,96.0,97.0
647,ST ANTHONY SUMMIT MEDICAL CENTER,80443,93.0,91.0,92.0,92.0,91.0,82.0,91.0,83.0,94.0,94.0
648,MEDICAL CENTER OF THE ROCKIES,80538,92.0,87.0,92.0,85.0,85.0,80.0,91.0,84.0,92.0,93.0
649,ORTHOCOLORADO HOSPITAL AT ST ANTHONY MED CAMPUS,80228,93.0,92.0,94.0,86.0,91.0,84.0,94.0,86.0,93.0,94.0
650,CASTLE ROCK ADVENTIST HOSPITAL,80109,92.0,87.0,92.0,87.0,84.0,79.0,85.0,83.0,91.0,91.0
651,BANNER FORT COLLINS MEDICAL CENTER,80528,92.0,92.0,90.0,93.0,86.0,83.0,91.0,85.0,90.0,90.0
652,SCL HEALTH COMMUNITY HOSPITAL- NORTHGLENN,80233,0.0,0.0,0.0,0.0,0.0,0.0,0.0,0.0,0.0,0.0
657,RIO GRANDE HOSPITAL,81132,0.0,0.0,0.0,0.0,0.0,0.0,0.0,0.0,0.0,0.0
658,COLORADO CANYONS HOSPITAL AND MEDICAL CENTER,81521,0.0,0.0,0.0,0.0,0.0,0.0,0.0,0.0,0.0,0.0
659,EAST MORGAN COUNTY HOSPITAL,80723,0.0,0.0,0.0,0.0,0.0,0.0,0.0,0.0,0.0,0.0
661,MELISSA MEMORIAL HOSPITAL,80734,0.0,0.0,0.0,0.0,0.0,0.0,0.0,0.0,0.0,0.0
665,WRAY COMMUNITY DISTRICT HOSPITAL,80758,0.0,0.0,0.0,0.0,0.0,0.0,0.0,0.0,0.0,0.0
667,SOUTHEAST COLORADO HOSPITAL,81073,0.0,0.0,0.0,0.0,0.0,0.0,0.0,0.0,0.0,0.0
668,ESTES PARK MEDICAL CENTER,80517,0.0,0.0,0.0,0.0,0.0,0.0,0.0,0.0,0.0,0.0
669,KIT CARSON COUNTY MEMORIAL HOSPITAL,80807,0.0,0.0,0.0,0.0,0.0,0.0,0.0,0.0,0.0,0.0
670,"MEMORIAL HOSPITAL, THE",81625,91.0,87.0,93.0,89.0,87.0,84.0,91.0,82.0,90.0,87.0
671,YUMA DISTRICT HOSPITAL,80759,0.0,0.0,0.0,0.0,0.0,0.0,0.0,0.0,0.0,0.0
672,SPANISH PEAKS REGIONAL HEALTH CENTER,81089,0.0,0.0,0.0,0.0,0.0,0.0,0.0,0.0,0.0,0.0
673,GRAND RIVER MEDICAL CENTER,81650,94.0,90.0,92.0,95.0,85.0,80.0,89.0,84.0,90.0,91.0
676,GUNNISON VALLEY HOSPITAL,81230,96.0,88.0,96.0,94.0,89.0,83.0,93.0,85.0,92.0,93.0
677,MT SAN RAFAEL HOSPITAL,81082,0.0,0.0,0.0,0.0,0.0,0.0,0.0,0.0,0.0,0.0
678,HEART OF THE ROCKIES REGIONAL MEDICAL CENTER,81201,95.0,91.0,94.0,93.0,91.0,85.0,94.0,86.0,93.0,94.0
679,PROWERS MEDICAL CENTER,81052,0.0,0.0,0.0,0.0,0.0,0.0,0.0,0.0,0.0,0.0
680,ASPEN VALLEY HOSPITAL,81611,93.0,93.0,93.0,92.0,92.0,82.0,92.0,88.0,93.0,93.0
683,SOUTHWEST MEMORIAL HOSPITAL,81321,93.0,90.0,94.0,94.0,83.0,87.0,88.0,84.0,88.0,87.0
685,ARKANSAS VALLEY REGIONAL MEDICAL CENTER,81050,88.0,87.0,91.0,84.0,81.0,81.0,88.0,79.0,85.0,80.0
687,CENTURA HEALTH-ST THOMAS MORE HOSPITAL,81212,93.0,88.0,92.0,88.0,83.0,81.0,89.0,80.0,88.0,85.0
689,ST FRANCIS HOSPITAL & MEDICAL CENTER,6105,92.0,88.0,92.0,85.0,82.0,79.0,89.0,83.0,91.0,92.0
690,DAY KIMBALL HOSPITAL,6260,92.0,92.0,93.0,86.0,80.0,77.0,87.0,81.0,87.0,87.0
691,SHARON HOSPITAL,6069,93.0,92.0,92.0,92.0,80.0,82.0,89.0,83.0,91.0,89.0
692,WATERBURY HOSPITAL,6721,88.0,84.0,86.0,80.0,76.0,75.0,89.0,78.0,84.0,84.0
693,STAMFORD HOSPITAL,6904,92.0,92.0,92.0,85.0,88.0,79.0,84.0,81.0,91.0,91.0
694,LAWRENCE & MEMORIAL HOSPITAL,6320,92.0,86.0,92.0,85.0,77.0,78.0,87.0,81.0,87.0,88.0
695,JOHNSON MEMORIAL HOSPITAL,6076,93.0,90.0,92.0,87.0,81.0,80.0,91.0,81.0,89.0,87.0
696,BRIDGEPORT HOSPITAL,6610,92.0,85.0,91.0,84.0,77.0,74.0,85.0,81.0,87.0,88.0
697,CHARLOTTE HUNGERFORD HOSPITAL,6790,91.0,83.0,88.0,83.0,71.0,74.0,88.0,80.0,83.0,81.0
698,ROCKVILLE GENERAL HOSPITAL,6066,86.0,82.0,88.0,78.0,73.0,75.0,86.0,80.0,83.0,82.0
699,SAINT MARY'S HOSPITAL,6706,91.0,87.0,90.0,82.0,76.0,75.0,87.0,81.0,86.0,87.0
700,MIDSTATE MEDICAL CENTER,6450,94.0,92.0,92.0,89.0,86.0,78.0,89.0,83.0,91.0,91.0
