hospital_id,hospital_name,State,City,nurse_score,clean_score,doctor_score,staff_score,quiet_score,overall_score
1,SOUTHEAST ALABAMA MEDICAL CENTER,AL,DOTHAN,87.0,83.0,90.0,75.0,86.0,83.0
2,MARSHALL MEDICAL CENTER SOUTH,AL,BOAZ,91.0,87.0,94.0,85.0,85.0,88.0
3,ELIZA COFFEE MEMORIAL HOSPITAL,AL,FLORENCE,89.0,79.0,91.0,83.0,82.0,84.0
4,MIZELL MEMORIAL HOSPITAL,AL,OPP,89.0,86.0,94.0,84.0,86.0,85.0
5,CRENSHAW COMMUNITY HOSPITAL,AL,LUVERNE,0.0,0.0,0.0,0.0,0.0,0.0
6,ST VINCENT'S EAST,AL,BIRMINGHAM,89.0,84.0,91.0,83.0,81.0,87.0
7,DEKALB REGIONAL MEDICAL CENTER,AL,FORT PAYNE,89.0,86.0,90.0,85.0,81.0,86.0
8,SHELBY BAPTIST MEDICAL CENTER,AL,ALABASTER,90.0,84.0,91.0,83.0,84.0,88.0
9,CALLAHAN EYE HOSPITAL,AL,BIRMINGHAM,0.0,0.0,0.0,0.0,0.0,0.0
10,HELEN KELLER MEMORIAL HOSPITAL,AL,SHEFFIELD,91.0,82.0,93.0,82.0,87.0,88.0
11,DALE MEDICAL CENTER,AL,OZARK,93.0,92.0,95.0,91.0,89.0,91.0
12,FLOYD CHEROKEE MEDICAL CENTER,AL,CENTRE,0.0,0.0,0.0,0.0,0.0,0.0
13,BAPTIST MEDICAL CENTER SOUTH,AL,MONTGOMERY,89.0,84.0,90.0,82.0,84.0,86.0
14,JACKSON HOSPITAL & CLINIC INC,AL,MONTGOMERY,90.0,84.0,91.0,86.0,85.0,88.0
15,EAST ALABAMA MEDICAL CENTER,AL,OPELIKA,92.0,88.0,93.0,88.0,89.0,90.0
16,TANNER MEDICAL CENTER-EAST ALABAMA,AL,WEDOWEE,0.0,0.0,0.0,0.0,0.0,0.0
17,UNIVERSITY OF ALABAMA HOSPITAL,AL,BIRMINGHAM,93.0,85.0,93.0,85.0,86.0,92.0
18,COMMUNITY HOSPITAL INC,AL,TALLASSEE,94.0,93.0,90.0,92.0,86.0,87.0
19,CULLMAN REGIONAL MEDICAL CENTER,AL,CULLMAN,90.0,89.0,91.0,81.0,85.0,85.0
20,ANDALUSIA HEALTH,AL,ANDALUSIA,89.0,85.0,90.0,83.0,84.0,85.0
21,STRINGFELLOW MEMORIAL HOSPITAL,AL,ANNISTON,87.0,87.0,89.0,81.0,86.0,86.0
22,HUNTSVILLE HOSPITAL,AL,HUNTSVILLE,92.0,88.0,92.0,84.0,85.0,90.0
23,GADSDEN REGIONAL MEDICAL CENTER,AL,GADSDEN,90.0,86.0,89.0,84.0,84.0,87.0
24,MARION REGIONAL MEDICAL CENTER,AL,HAMILTON,97.0,98.0,99.0,90.0,94.0,94.0
25,FAYETTE MEDICAL CENTER,AL,FAYETTE,96.0,94.0,97.0,91.0,96.0,94.0
26,RIVERVIEW REGIONAL MEDICAL CENTER,AL,GADSDEN,90.0,89.0,88.0,84.0,85.0,89.0
27,GEORGIANA MEDICAL CENTER,AL,GEORGIANA,0.0,0.0,0.0,0.0,0.0,0.0
28,MEDICAL CENTER ENTERPRISE,AL,ENTERPRISE,91.0,87.0,92.0,85.0,85.0,88.0
30,LAKE MARTIN COMMUNITY HOSPITAL,AL,DADEVILLE,94.0,91.0,95.0,93.0,90.0,88.0
31,FLOWERS HOSPITAL,AL,DOTHAN,90.0,86.0,91.0,83.0,83.0,89.0
32,ST VINCENT'S BIRMINGHAM,AL,BIRMINGHAM,92.0,84.0,92.0,86.0,85.0,90.0
33,BIBB MEDICAL CENTER,AL,CENTREVILLE,0.0,0.0,0.0,0.0,0.0,0.0
34,LAWRENCE MEDICAL CENTER,AL,MOULTON,0.0,0.0,0.0,0.0,0.0,0.0
35,HIGHLANDS MEDICAL CENTER,AL,SCOTTSBORO,90.0,83.0,90.0,85.0,86.0,84.0
36,WIREGRASS MEDICAL CENTER,AL,GENEVA,90.0,87.0,93.0,87.0,84.0,88.0
37,RUSSELL MEDICAL CENTER,AL,ALEXANDER CITY,93.0,90.0,92.0,89.0,88.0,90.0
38,MEDICAL CENTER BARBOUR,AL,EUFAULA,89.0,88.0,92.0,86.0,87.0,85.0
39,CLAY COUNTY HOSPITAL,AL,ASHLAND,94.0,92.0,98.0,92.0,90.0,94.0
40,NORTHEAST ALABAMA REGIONAL MEDICAL CENTER,AL,ANNISTON,92.0,84.0,91.0,85.0,87.0,87.0
41,ATHENS LIMESTONE HOSPITAL,AL,ATHENS,93.0,87.0,93.0,83.0,87.0,87.0
42,SOUTH BALDWIN REGIONAL MEDICAL CENTER,AL,FOLEY,94.0,90.0,91.0,90.0,87.0,91.0
43,DECATUR MORGAN HOSPITAL-DECATUR CAMPUS,AL,DECATUR,93.0,89.0,94.0,84.0,83.0,87.0
44,NORTHWEST MEDICAL CENTER,AL,WINFIELD,94.0,89.0,95.0,91.0,89.0,89.0
45,UNIVERSITY OF SOUTH ALABAMA MEDICAL CENTER,AL,MOBILE,91.0,85.0,91.0,85.0,84.0,88.0
46,WALKER BAPTIST MEDICAL CENTER,AL,JASPER,91.0,82.0,91.0,87.0,81.0,86.0
47,PROVIDENCE HOSPITAL,AL,MOBILE,90.0,85.0,91.0,88.0,82.0,88.0
48,GROVE HILL MEMORIAL HOSPITAL,AL,GROVE HILL,90.0,86.0,96.0,86.0,86.0,87.0
49,D C H REGIONAL MEDICAL CENTER,AL,TUSCALOOSA,90.0,84.0,91.0,81.0,85.0,85.0
50,HALE COUNTY HOSPITAL,AL,GREENSBORO,0.0,0.0,0.0,0.0,0.0,0.0
51,ELMORE COMMUNITY HOSPITAL,AL,WETUMPKA,94.0,84.0,96.0,91.0,90.0,89.0
52,D W MCMILLAN MEMORIAL HOSPITAL,AL,BREWTON,92.0,89.0,92.0,92.0,86.0,90.0
53,THOMAS HOSPITAL,AL,FAIRHOPE,92.0,87.0,92.0,88.0,85.0,90.0
54,CITIZENS BAPTIST MEDICAL CENTER,AL,TALLADEGA,93.0,92.0,92.0,91.0,88.0,91.0
55,J PAUL JONES HOSPITAL,AL,CAMDEN,0.0,0.0,0.0,0.0,0.0,0.0
56,PRINCETON BAPTIST MEDICAL CENTER,AL,BIRMINGHAM,90.0,81.0,92.0,83.0,84.0,88.0
57,GRANDVIEW MEDICAL CENTER,AL,BIRMINGHAM,91.0,87.0,93.0,86.0,88.0,90.0
58,PRATTVILLE BAPTIST HOSPITAL,AL,PRATTVILLE,91.0,92.0,93.0,87.0,84.0,89.0
59,PICKENS COUNTY MEDICAL CENTER,AL,CARROLLTON,0.0,0.0,0.0,0.0,0.0,0.0
60,BULLOCK COUNTY HOSPITAL,AL,UNION SPRINGS,0.0,0.0,0.0,0.0,0.0,0.0
61,BRYAN W. WHITFIELD MEMORIAL HOSPITAL,AL,DEMOPOLIS,0.0,0.0,0.0,0.0,0.0,0.0
62,MOBILE INFIRMARY MEDICAL CENTER,AL,MOBILE,91.0,87.0,92.0,87.0,84.0,89.0
63,"MEDICAL WEST, AN AFFILIATE OF UAB HEALTH SYSTEM",AL,BESSEMER,88.0,83.0,91.0,82.0,84.0,86.0
64,VAUGHAN REGIONAL MEDICAL CENTER PARKWAY CAMPUS,AL,SELMA,86.0,84.0,90.0,81.0,85.0,84.0
65,MONROE COUNTY HOSPITAL,AL,MONROEVILLE,94.0,91.0,95.0,93.0,88.0,91.0
66,LAKELAND COMMUNITY HOSPITAL,AL,HALEYVILLE,94.0,93.0,94.0,87.0,88.0,89.0
67,TROY REGIONAL MEDICAL CENTER,AL,TROY,92.0,84.0,92.0,91.0,86.0,86.0
68,JACKSON MEDICAL CENTER,AL,JACKSON,0.0,0.0,0.0,0.0,0.0,0.0
69,NORTH BALDWIN INFIRMARY,AL,BAY MINETTE,92.0,89.0,92.0,88.0,87.0,89.0
70,ST VINCENT'S ST CLAIR,AL,PELL CITY,91.0,90.0,93.0,87.0,86.0,90.0
71,CRESTWOOD MEDICAL CENTER,AL,HUNTSVILLE,88.0,84.0,90.0,81.0,84.0,87.0
73,BROOKWOOD BAPTIST MEDICAL CENTER,AL,BIRMINGHAM,90.0,86.0,91.0,85.0,82.0,87.0
74,SPRINGHILL MEMORIAL HOSPITAL,AL,MOBILE,91.0,87.0,92.0,86.0,84.0,89.0
75,RMC JACKSONVILLE,AL,JACKSONVILLE,0.0,0.0,0.0,0.0,0.0,0.0
76,EVERGREEN MEDICAL CENTER,AL,EVERGREEN,90.0,86.0,94.0,84.0,85.0,86.0
77,BAPTIST MEDICAL CENTER EAST,AL,MONTGOMERY,92.0,86.0,92.0,85.0,86.0,90.0
78,L V STABLER MEMORIAL HOSPITAL,AL,GREENVILLE,91.0,82.0,93.0,86.0,89.0,87.0
79,SHOALS HOSPITAL,AL,MUSCLE SHOALS,93.0,89.0,92.0,85.0,88.0,90.0
80,RUSSELLVILLE HOSPITAL,AL,RUSSELLVILLE,92.0,89.0,95.0,87.0,87.0,88.0
81,COOSA VALLEY MEDICAL CENTER,AL,SYLACAUGA,90.0,87.0,92.0,83.0,85.0,86.0
82,JACK HUGHSTON MEMORIAL HOSPITAL,AL,PHENIX CITY,95.0,93.0,95.0,92.0,93.0,94.0
83,ATMORE COMMUNITY HOSPITAL,AL,ATMORE,91.0,88.0,94.0,86.0,85.0,87.0
84,ST VINCENT'S CHILTON,AL,CLANTON,96.0,91.0,94.0,95.0,90.0,95.0
85,WASHINGTON COUNTY HOSPITAL,AL,CHATOM,0.0,0.0,0.0,0.0,0.0,0.0
86,RED BAY HOSPITAL,AL,RED BAY,0.0,0.0,0.0,0.0,0.0,0.0
88,ST VINCENTS BLOUNT,AL,ONEONTA,91.0,90.0,90.0,92.0,88.0,91.0
91,PROVIDENCE ALASKA MEDICAL CENTER,AK,ANCHORAGE,91.0,87.0,91.0,84.0,79.0,89.0
92,MAT-SU REGIONAL MEDICAL CENTER,AK,PALMER,90.0,88.0,89.0,84.0,81.0,86.0
93,BARTLETT REGIONAL HOSPITAL,AK,JUNEAU,93.0,90.0,93.0,89.0,87.0,90.0
94,FAIRBANKS MEMORIAL HOSPITAL,AK,FAIRBANKS,92.0,90.0,92.0,89.0,83.0,88.0
95,ALASKA REGIONAL HOSPITAL,AK,ANCHORAGE,90.0,85.0,91.0,88.0,83.0,87.0
96,YUKON KUSKOKWIM DELTA REG HOSPITAL,AK,BETHEL,89.0,84.0,88.0,80.0,77.0,87.0
97,CENTRAL PENINSULA GENERAL HOSPITAL,AK,SOLDOTNA,90.0,87.0,91.0,82.0,83.0,89.0
98,ALASKA NATIVE MEDICAL CENTER,AK,ANCHORAGE,90.0,86.0,90.0,85.0,75.0,87.0
101,SITKA COMMUNITY HOSPITAL,AK,SITKA,0.0,0.0,0.0,0.0,0.0,0.0
104,PROVIDENCE KODIAK ISLAND MEDICAL CTR,AK,KODIAK,0.0,0.0,0.0,0.0,0.0,0.0
106,NORTON SOUND REGIONAL HOSPITAL,AK,NOME,0.0,0.0,0.0,0.0,0.0,0.0
109,KETCHIKAN MEDICAL CENTER,AK,KETCHIKAN,93.0,92.0,93.0,93.0,84.0,90.0
111,SOUTH PENINSULA HOSPITAL,AK,HOMER,93.0,91.0,92.0,89.0,83.0,90.0
113,BANNER - UNIVERSITY MEDICAL CENTER PHOENIX,AZ,PHOENIX,90.0,85.0,91.0,87.0,75.0,89.0
114,TUCSON MEDICAL CENTER,AZ,TUCSON,89.0,82.0,89.0,81.0,76.0,87.0
115,VERDE VALLEY MEDICAL CENTER,AZ,COTTONWOOD,92.0,81.0,90.0,86.0,79.0,88.0
116,ST. MARY'S HOSPITAL,AZ,TUCSON,88.0,86.0,90.0,83.0,77.0,86.0
117,ST JOSEPH'S HOSPITAL,AZ,TUCSON,88.0,89.0,88.0,83.0,77.0,85.0
118,YAVAPAI REGIONAL MEDICAL CENTER,AZ,PRESCOTT,92.0,86.0,90.0,87.0,76.0,89.0
119,YUMA REGIONAL MEDICAL CENTER,AZ,YUMA,89.0,86.0,86.0,83.0,81.0,85.0
120,JOHN C. LINCOLN NORTH MOUNTAIN HOSPITAL,AZ,PHOENIX,92.0,87.0,90.0,82.0,80.0,89.0
121,BANNER CASA GRANDE MEDICAL CENTER,AZ,CASA GRANDE,90.0,86.0,91.0,81.0,79.0,86.0
122,MARICOPA MEDICAL CENTER,AZ,PHOENIX,88.0,81.0,90.0,79.0,73.0,87.0
123,FLAGSTAFF MEDICAL CENTER,AZ,FLAGSTAFF,91.0,83.0,92.0,86.0,77.0,89.0
124,ST. JOSEPH'S HOSPITAL AND MEDICAL CENTER,AZ,PHOENIX,91.0,85.0,90.0,84.0,80.0,90.0
125,ABRAZO CENTRAL CAMPUS,AZ,PHOENIX,87.0,87.0,87.0,82.0,80.0,84.0
126,CHANDLER REGIONAL MEDICAL CENTER,AZ,CHANDLER,92.0,83.0,89.0,86.0,78.0,88.0
127,ST LUKE'S MEDICAL CENTER,AZ,PHOENIX,88.0,85.0,89.0,81.0,79.0,84.0
128,SCOTTSDALE OSBORN MEDICAL CENTER,AZ,SCOTTSDALE,90.0,81.0,89.0,85.0,75.0,88.0
129,CANYON VISTA MEDICAL CENTER,AZ,SIERRA VISTA,89.0,86.0,87.0,81.0,80.0,84.0
130,KINGMAN REGIONAL MEDICAL CENTER,AZ,KINGMAN,92.0,89.0,89.0,85.0,81.0,88.0
131,BANNER BOSWELL MEDICAL CENTER,AZ,SUN CITY,91.0,85.0,89.0,86.0,74.0,87.0
132,SUMMIT HEALTHCARE REGIONAL MEDICAL CENTER,AZ,SHOW LOW,91.0,89.0,89.0,89.0,79.0,89.0
133,BANNER - UNIVERSITY MEDICAL CENTER TUCSON CAMPUS,AZ,TUCSON,86.0,79.0,87.0,81.0,74.0,84.0
134,BANNER DESERT MEDICAL CENTER,AZ,MESA,89.0,82.0,88.0,83.0,77.0,86.0
135,MT. GRAHAM REGIONAL MEDICAL CENTER,AZ,SAFFORD,92.0,86.0,92.0,90.0,81.0,89.0
136,HAVASU REGIONAL MEDICAL CENTER,AZ,LAKE HAVASU CITY,88.0,86.0,88.0,82.0,73.0,86.0
137,FORT DEFIANCE INDIAN HOSPITAL,AZ,FORT DEFIANCE,86.0,83.0,88.0,81.0,85.0,88.0
138,TUBA CITY REGIONAL HEALTH CARE CORPORATION,AZ,TUBA CITY,87.0,91.0,89.0,86.0,84.0,83.0
142,ABRAZO SCOTTSDALE CAMPUS,AZ,PHOENIX,89.0,86.0,90.0,81.0,79.0,85.0
143,CHINLE COMPREHENSIVE HEALTH CARE FACILITY,AZ,CHINLE,88.0,91.0,92.0,88.0,85.0,83.0
144,NORTHWEST MEDICAL CENTER,AZ,TUCSON,87.0,83.0,89.0,83.0,74.0,85.0
145,SCOTTSDALE SHEA MEDICAL CENTER,AZ,SCOTTSDALE,91.0,86.0,90.0,84.0,80.0,89.0
146,BANNER BAYWOOD MEDICAL CENTER,AZ,MESA,90.0,85.0,86.0,81.0,77.0,85.0
147,BANNER THUNDERBIRD MEDICAL CENTER,AZ,GLENDALE,88.0,77.0,88.0,80.0,77.0,86.0
148,HONORHEALTH DEER VALLEY MEDICAL CENTER,AZ,PHOENIX,91.0,89.0,88.0,83.0,78.0,87.0
149,BANNER DEL E. WEBB MEDICAL CENTER,AZ,SUN CITY WEST,89.0,82.0,88.0,82.0,75.0,87.0
150,ABRAZO ARROWHEAD CAMPUS,AZ,GLENDALE,89.0,85.0,89.0,83.0,77.0,86.0
151,WESTERN ARIZONA REGIONAL MEDICAL CENTER,AZ,BULLHEAD CITY,87.0,85.0,84.0,83.0,74.0,84.0
152,MAYO CLINIC HOSPITAL,AZ,PHOENIX,95.0,93.0,94.0,93.0,87.0,96.0
153,BANNER HEART HOSPITAL,AZ,MESA,92.0,86.0,90.0,88.0,75.0,90.0
154,ARIZONA SPINE AND JOINT HOSPITAL,AZ,MESA,97.0,94.0,95.0,95.0,85.0,95.0
155,"CORE INSTITUTE SPECIALTY HOSPITAL, THE",AZ,PHOENIX,94.0,92.0,92.0,93.0,87.0,91.0
156,ABRAZO WEST CAMPUS,AZ,GOODYEAR,88.0,85.0,88.0,83.0,78.0,85.0
157,BANNER-UNIVERSITY MEDICAL CENTER SOUTH CAMPUS,AZ,TUCSON,87.0,83.0,89.0,79.0,72.0,85.0
158,ARIZONA SPECIALTY HOSPITAL,AZ,CHANDLER,97.0,93.0,93.0,93.0,92.0,95.0
159,WHITERIVER PHS INDIAN HOSPITAL,AZ,WHITERIVER,0.0,0.0,0.0,0.0,0.0,0.0
160,ORO VALLEY HOSPITAL,AZ,ORO VALLEY,91.0,89.0,90.0,88.0,80.0,90.0
161,BANNER ESTRELLA MEDICAL CENTER,AZ,PHOENIX,92.0,86.0,93.0,84.0,83.0,90.0
162,VALLEY VIEW MEDICAL CENTER,AZ,FORT MOHAVE,90.0,91.0,89.0,87.0,83.0,88.0
163,MERCY GILBERT MEDICAL CENTER,AZ,GILBERT,92.0,88.0,90.0,84.0,82.0,90.0
164,"MOUNTAIN VISTA MEDICAL CENTER, LP",AZ,MESA,86.0,78.0,88.0,80.0,80.0,83.0
165,BANNER GATEWAY MEDICAL CENTER,AZ,GILBERT,91.0,81.0,90.0,85.0,83.0,89.0
166,SCOTTSDALE THOMPSON PEAK MEDICAL CENTER,AZ,SCOTTSDALE,93.0,87.0,92.0,86.0,87.0,91.0
167,BANNER IRONWOOD MEDICAL CENTER,AZ,QUEEN CREEK,92.0,89.0,92.0,88.0,86.0,91.0
168,O.A.S.I.S. HOSPITAL,AZ,PHOENIX,95.0,92.0,93.0,91.0,86.0,94.0
169,BANNER GOLDFIELD MEDICAL CENTER,AZ,APACHE JUNCTION,92.0,85.0,90.0,90.0,80.0,89.0
170,DIGNITY HEALTH - ARIZONA GENERAL HOSPITAL,AZ,LAVEEN,0.0,0.0,0.0,0.0,0.0,0.0
171,SANTA CRUZ VALLEY REGIONAL HOSPITAL,AZ,GREEN VALLEY,87.0,87.0,84.0,80.0,78.0,84.0
173,WICKENBURG COMMUNITY HOSPITAL,AZ,WICKENBURG,94.0,92.0,94.0,94.0,87.0,90.0
174,BENSON HOSPITAL,AZ,BENSON,0.0,0.0,0.0,0.0,0.0,0.0
175,"NORTHERN COCHISE COMMUNITY HOSPITAL, INC.",AZ,WILLCOX,0.0,0.0,0.0,0.0,0.0,0.0
176,PAGE HOSPITAL,AZ,PAGE,0.0,0.0,0.0,0.0,0.0,0.0
180,SAGE MEMORIAL HOSPITAL,AZ,GANADO,0.0,0.0,0.0,0.0,0.0,0.0
181,LITTLE COLORADO MEDICAL CENTER,AZ,WINSLOW,91.0,88.0,92.0,86.0,80.0,88.0
182,COPPER QUEEN COMMUNITY HOSPITAL,AZ,BISBEE,0.0,0.0,0.0,0.0,0.0,0.0
183,HOLY CROSS HOSPITAL,AZ,NOGALES,92.0,96.0,91.0,88.0,80.0,88.0
184,COBRE VALLEY REGIONAL MEDICAL CENTER,AZ,GLOBE,91.0,86.0,89.0,88.0,83.0,87.0
185,WHITE MOUNTAIN REGIONAL MEDICAL CENTER,AZ,SPRINGERVILLE,0.0,0.0,0.0,0.0,0.0,0.0
186,LA PAZ REGIONAL HOSPITAL,AZ,PARKER,90.0,83.0,88.0,84.0,80.0,85.0
190,SILOAM SPRINGS REGIONAL HOSPITAL,AR,SILOAM SPRINGS,92.0,91.0,91.0,88.0,85.0,88.0
191,JOHNSON REGIONAL MEDICAL CENTER,AR,CLARKSVILLE,91.0,93.0,90.0,88.0,89.0,89.0
192,WASHINGTON REGIONAL MEDICAL CENTER,AR,FAYETTEVILLE,91.0,88.0,92.0,85.0,84.0,89.0
193,CHI-ST VINCENT INFIRMARY,AR,LITTLE ROCK,88.0,82.0,90.0,81.0,81.0,85.0
194,MERCY HOSPITAL NORTHWEST ARKANSAS,AR,ROGERS,90.0,89.0,91.0,84.0,80.0,89.0
195,CHAMBERS MEMORIAL HOSPITAL,AR,DANVILLE,95.0,96.0,94.0,89.0,91.0,90.0
196,WHITE COUNTY MEDICAL CENTER,AR,SEARCY,91.0,89.0,91.0,87.0,84.0,88.0
197,MENA REGIONAL HEALTH SYSTEM,AR,MENA,0.0,0.0,0.0,0.0,0.0,0.0
198,UAMS MEDICAL CENTER,AR,LITTLE ROCK,90.0,83.0,91.0,81.0,84.0,89.0
199,NORTH ARKANSAS REGIONAL MEDICAL CENTER,AR,HARRISON,90.0,90.0,92.0,87.0,88.0,87.0
200,SPARKS MEDICAL CENTER - VAN BUREN,AR,VAN BUREN,90.0,92.0,87.0,91.0,88.0,87.0
201,FORREST CITY MEDICAL CENTER,AR,FORREST CITY,92.0,91.0,92.0,86.0,87.0,87.0
202,ST BERNARDS MEDICAL CENTER,AR,JONESBORO,92.0,88.0,93.0,84.0,86.0,90.0
203,NORTHWEST MEDICAL CENTER-SPRINGDALE,AR,SPRINGDALE,89.0,88.0,90.0,82.0,81.0,86.0
204,CHI ST. VINCENT HOSPITAL HOT SPRINGS,AR,HOT SPRINGS,89.0,84.0,90.0,82.0,81.0,87.0
205,BAXTER REGIONAL MEDICAL CENTER,AR,MOUNTAIN HOME,93.0,86.0,92.0,87.0,86.0,91.0
206,CONWAY REGIONAL MEDICAL CENTER,AR,CONWAY,93.0,87.0,93.0,87.0,86.0,91.0
207,BAPTIST HEALTH MEDICAL CENTER NORTH LITTLE ROCK,AR,NORTH LITTLE ROCK,92.0,87.0,93.0,84.0,82.0,89.0
208,ARKANSAS METHODIST MEDICAL CENTER,AR,PARAGOULD,91.0,88.0,92.0,85.0,88.0,87.0
209,ST MARYS REGIONAL MEDICAL CENTER,AR,RUSSELLVILLE,87.0,84.0,89.0,81.0,76.0,84.0
210,FIVE RIVERS MEDICAL CENTER,AR,POCAHONTAS,91.0,93.0,91.0,87.0,86.0,89.0
211,OUACHITA COUNTY MEDICAL CENTER,AR,CAMDEN,91.0,90.0,96.0,90.0,88.0,90.0
212,DREW MEMORIAL HOSPITAL,AR,MONTICELLO,90.0,87.0,95.0,85.0,83.0,88.0
213,SPARKS REGIONAL MEDICAL CENTER,AR,FORT SMITH,87.0,85.0,87.0,83.0,82.0,85.0
214,MERCY HOSPITAL FORT SMITH,AR,FORT SMITH,91.0,87.0,92.0,87.0,81.0,90.0
215,MAGNOLIA HOSPITAL,AR,MAGNOLIA,90.0,91.0,93.0,86.0,86.0,86.0
216,GREAT RIVER MEDICAL CENTER,AR,BLYTHEVILLE,90.0,86.0,90.0,89.0,85.0,85.0
217,JEFFERSON REGIONAL MEDICAL CENTER,AR,PINE BLUFF,89.0,85.0,91.0,86.0,82.0,86.0
218,BAPTIST HEALTH MEDICAL CENTER-STUTTGART,AR,STUTTGART,97.0,88.0,97.0,94.0,91.0,94.0
219,NORTH METRO MEDICAL CENTER,AR,JACKSONVILLE,84.0,84.0,83.0,83.0,82.0,78.0
220,BAPTIST HEALTH MEDICAL CENTER-HOT SPRINGS COUNTY,AR,MALVERN,95.0,98.0,95.0,95.0,94.0,92.0
221,NATIONAL PARK MEDICAL CENTER,AR,HOT SPRINGS,86.0,83.0,88.0,78.0,80.0,84.0
222,SALINE MEMORIAL HOSPITAL,AR,BENTON,87.0,85.0,90.0,84.0,85.0,85.0
223,HELENA REGIONAL MEDICAL CENTER,AR,HELENA,91.0,91.0,91.0,88.0,87.0,86.0
224,MEDICAL CENTER OF SOUTH ARKANSAS,AR,EL DORADO,91.0,88.0,92.0,87.0,82.0,88.0
225,BAPTIST HEALTH MEDICAL CENTER-LITTLE ROCK,AR,LITTLE ROCK,91.0,85.0,91.0,81.0,85.0,89.0
226,NEA BAPTIST MEMORIAL HOSPITAL,AR,JONESBORO,92.0,83.0,92.0,85.0,86.0,91.0
227,WHITE RIVER MEDICAL CENTER,AR,BATESVILLE,91.0,88.0,90.0,86.0,85.0,88.0
229,"ARKANSAS HEART HOSPITAL, LLC",AR,LITTLE ROCK,95.0,93.0,96.0,93.0,89.0,96.0
230,ST VINCENT MEDICAL CENTER/NORTH,AR,SHERWOOD,90.0,84.0,90.0,86.0,84.0,88.0
231,ARKANSAS SURGICAL HOSPITAL,AR,NO LITTLE ROCK,95.0,93.0,95.0,91.0,95.0,95.0
232,NORTHWEST HEALTH PHYSICIANS SPECIALTY HOSPITAL,AR,FAYETTEVILLE,93.0,88.0,94.0,89.0,89.0,91.0
233,WADLEY REGIONAL MEDICAL CENTER AT HOPE,AR,HOPE,90.0,89.0,94.0,82.0,85.0,86.0
234,BAPTIST HEALTH MEDICAL CENTER-CONWAY,AR,CONWAY,94.0,86.0,93.0,86.0,93.0,92.0
236,NORTH LOGAN MERCY HOSPITAL,AR,PARIS,0.0,0.0,0.0,0.0,0.0,0.0
237,RIVER VALLEY MEDICAL CENTER,AR,DARDANELLE,0.0,0.0,0.0,0.0,0.0,0.0
238,MERCY HOSPITAL TURNER MEMORIAL,AR,OZARK,0.0,0.0,0.0,0.0,0.0,0.0
240,MERCY HOSPITAL WALDRON,AR,WALDRON,0.0,0.0,0.0,0.0,0.0,0.0
241,"IZARD COUNTY MEDICAL CENTER, LLC",AR,CALICO ROCK,0.0,0.0,0.0,0.0,0.0,0.0
242,CROSSRIDGE COMMUNITY HOSPITAL,AR,WYNNE,96.0,91.0,97.0,89.0,90.0,94.0
243,MCGEHEE HOSPITAL,AR,MCGEHEE,0.0,0.0,0.0,0.0,0.0,0.0
244,LAWRENCE MEMORIAL HOSPITAL,AR,WALNUT RIDGE,0.0,0.0,0.0,0.0,0.0,0.0
246,HOWARD MEMORIAL HOSPITAL,AR,NASHVILLE,95.0,95.0,95.0,92.0,92.0,93.0
247,BAPTIST HEALTH MEDICAL CENTER HEBER SPINGS,AR,HEBER SPRINGS,95.0,92.0,95.0,91.0,89.0,93.0
248,OZARK HEALTH,AR,CLINTON,0.0,0.0,0.0,0.0,0.0,0.0
250,SOUTH MISSISSISSPI COUNTY REGIONAL MEDICAL CENTER,AR,OSCEOLA,0.0,0.0,0.0,0.0,0.0,0.0
252,MERCY HOSPITAL BOONEVILLE,AR,BOONEVILLE,0.0,0.0,0.0,0.0,0.0,0.0
253,"DE QUEEN MEDICAL CENTER, INC",AR,DE QUEEN,0.0,0.0,0.0,0.0,0.0,0.0
255,BAPTIST HEALTH MEDICAL CENTER-ARKADELPHIA,AR,ARKADELPHIA,94.0,96.0,95.0,88.0,88.0,92.0
256,FULTON COUNTY HOSPITAL,AR,SALEM,94.0,94.0,96.0,91.0,86.0,91.0
257,ASHLEY COUNTY MEDICAL CENTER,AR,CROSSETT,95.0,95.0,93.0,92.0,89.0,91.0
258,CHI ST VINCENT MORRILTON,AR,MORRILTON,0.0,0.0,0.0,0.0,0.0,0.0
259,DELTA MEMORIAL HOSPITAL,AR,DUMAS,0.0,0.0,0.0,0.0,0.0,0.0
260,BRADLEY COUNTY MEDICAL CENTER,AR,WARREN,0.0,0.0,0.0,0.0,0.0,0.0
261,CHICOT MEMORIAL MEDICAL CENTER,AR,LAKE VILLAGE,0.0,0.0,0.0,0.0,0.0,0.0
262,MERCY HOSPITAL BERRYVILLE,AR,BERRYVILLE,0.0,0.0,0.0,0.0,0.0,0.0
263,PIGGOTT COMMUNITY HOSPITAL,AR,PIGGOTT,0.0,0.0,0.0,0.0,0.0,0.0
267,ST ROSE HOSPITAL,CA,HAYWARD,89.0,87.0,88.0,83.0,77.0,87.0
268,ST JOSEPH HOSPITAL,CA,EUREKA,88.0,86.0,88.0,79.0,70.0,84.0
269,MILLS-PENINSULA MEDICAL CENTER,CA,BURLINGAME,92.0,90.0,92.0,85.0,83.0,92.0
270,CALIFORNIA PACIFIC MEDICAL CTR-DAVIES CAMPUS HOSP,CA,SAN FRANCISCO,91.0,86.0,92.0,82.0,76.0,88.0
271,QUEEN OF THE VALLEY MEDICAL CENTER,CA,NAPA,89.0,86.0,90.0,84.0,70.0,86.0
272,ADVENTIST HEALTH ST HELENA,CA,SAINT HELENA,91.0,89.0,90.0,85.0,77.0,88.0
273,SUTTER AMADOR HOSPITAL,CA,JACKSON,93.0,93.0,93.0,87.0,86.0,91.0
274,MERCY GENERAL HOSPITAL,CA,SACRAMENTO,92.0,88.0,91.0,84.0,81.0,91.0
275,RIVERSIDE COMMUNITY HOSPITAL,CA,RIVERSIDE,88.0,83.0,89.0,81.0,69.0,85.0
276,PARADISE VALLEY HOSPITAL,CA,NATIONAL CITY,85.0,87.0,83.0,81.0,77.0,83.0
277,UC SAN DIEGO HEALTH HILLCREST - HILLCREST MED CTR,CA,SAN DIEGO,92.0,87.0,92.0,86.0,83.0,92.0
278,GROSSMONT HOSPITAL,CA,LA MESA,90.0,87.0,90.0,83.0,77.0,88.0
279,MAD RIVER COMMUNITY HOSPITAL,CA,ARCATA,92.0,87.0,92.0,88.0,79.0,88.0
280,OROVILLE HOSPITAL,CA,OROVILLE,86.0,82.0,84.0,77.0,67.0,81.0
281,BAKERSFIELD MEMORIAL HOSPITAL,CA,BAKERSFIELD,89.0,89.0,88.0,81.0,78.0,89.0
282,SANTA CLARA VALLEY MEDICAL CENTER,CA,SAN JOSE,87.0,85.0,91.0,80.0,66.0,84.0
283,ENLOE MEDICAL CENTER,CA,CHICO,92.0,89.0,90.0,86.0,80.0,91.0
284,LAC/OLIVE VIEW-UCLA MEDICAL CENTER,CA,SYLMAR,92.0,85.0,95.0,83.0,74.0,91.0
285,ST ELIZABETH COMMUNITY HOSPITAL,CA,RED BLUFF,92.0,89.0,89.0,86.0,74.0,88.0
286,ALTA BATES SUMMIT MEDICAL CENTER,CA,OAKLAND,88.0,85.0,90.0,79.0,82.0,89.0
287,EL CENTRO REGIONAL MEDICAL CENTER,CA,EL CENTRO,88.0,88.0,88.0,81.0,75.0,83.0
288,CALIFORNIA PACIFIC MEDICAL CTR-PACIFIC CAMPUS HOSP,CA,SAN FRANCISCO,89.0,84.0,91.0,84.0,69.0,86.0
289,SAN GORGONIO MEMORIAL HOSPITAL,CA,BANNING,89.0,91.0,87.0,85.0,75.0,87.0
290,CALIFORNIA PACIFIC MEDICAL CTR - ST. LUKE'S CAMPUS,CA,SAN FRANCISCO,85.0,81.0,87.0,79.0,77.0,82.0
291,ANTELOPE VALLEY HOSPITAL,CA,LANCASTER,87.0,83.0,88.0,78.0,71.0,83.0
292,KAWEAH DELTA MEDICAL CENTER,CA,VISALIA,89.0,85.0,88.0,84.0,75.0,87.0
293,GLENDALE MEM HOSPITAL & HLTH CENTER,CA,GLENDALE,89.0,86.0,89.0,82.0,78.0,86.0
294,COMMUNITY REGIONAL MEDICAL CENTER,CA,FRESNO,89.0,87.0,89.0,82.0,75.0,88.0
295,HOLLYWOOD PRESBYTERIAN MEDICAL CENTER,CA,LOS ANGELES,85.0,79.0,85.0,77.0,76.0,82.0
296,OAK VALLEY HOSPITAL DISTRICT,CA,OAKDALE,90.0,90.0,91.0,89.0,77.0,89.0
297,ST JOSEPH HOSPITAL,CA,ORANGE,92.0,90.0,92.0,86.0,83.0,92.0
298,KAISER FOUNDATION HOSPITAL - SOUTH SAN FRANCISCO,CA,SOUTH SAN FRANCISCO,91.0,87.0,94.0,84.0,71.0,90.0
299,KAISER FOUNDATION HOSPITAL-SANTA CLARA,CA,SANTA CLARA,91.0,87.0,93.0,83.0,79.0,90.0
300,KAISER FOUNDATION HOSPITAL - WALNUT CREEK,CA,WALNUT CREEK,90.0,86.0,92.0,81.0,72.0,88.0
301,KAISER FOUNDATION HOSPITAL AND REHAB CENTER,CA,VALLEJO,91.0,86.0,92.0,82.0,81.0,90.0
302,KAISER FOUNDATION HOSPITAL - OAKLAND/RICHMOND,CA,OAKLAND,89.0,84.0,92.0,81.0,76.0,89.0
303,KAISER FOUNDATION HOSPITAL - SAN FRANCISCO,CA,SAN FRANCISCO,90.0,84.0,92.0,85.0,74.0,88.0
304,SCRIPPS MERCY HOSPITAL,CA,SAN DIEGO,90.0,85.0,91.0,82.0,75.0,87.0
305,PROVIDENCE LITTLE CO OF MARY MED CTR SAN PEDRO,CA,SAN PEDRO,91.0,86.0,92.0,82.0,77.0,89.0
306,ST JOHNS REGIONAL MEDICAL CENTER,CA,OXNARD,90.0,84.0,91.0,81.0,80.0,88.0
307,ST JOSEPH'S MEDICAL CENTER OF STOCKTON,CA,STOCKTON,90.0,83.0,90.0,83.0,74.0,86.0
308,COMMUNITY HOSPITAL OF SAN BERNARDINO,CA,SAN BERNARDINO,88.0,83.0,85.0,79.0,77.0,85.0
309,SONOMA VALLEY HOSPITAL,CA,SONOMA,91.0,89.0,90.0,86.0,79.0,87.0
310,COMMUNITY HOSPITAL OF HUNTINGTON PARK,CA,HUNTINGTON PARK,84.0,85.0,82.0,76.0,66.0,81.0
311,SAINT AGNES MEDICAL CENTER,CA,FRESNO,88.0,86.0,88.0,79.0,76.0,86.0
313,SAN ANTONIO REGIONAL HOSPITAL,CA,UPLAND,90.0,88.0,89.0,84.0,76.0,89.0
314,SHARP MEMORIAL HOSPITAL,CA,SAN DIEGO,93.0,90.0,92.0,86.0,85.0,93.0
315,SUTTER SOLANO MEDICAL CENTER,CA,VALLEJO,89.0,85.0,91.0,80.0,78.0,86.0
316,PARKVIEW COMMUNITY HOSPITAL MEDICAL CENTER,CA,RIVERSIDE,85.0,81.0,87.0,77.0,71.0,82.0
317,WHITE MEMORIAL MEDICAL CENTER,CA,LOS ANGELES,90.0,87.0,89.0,82.0,76.0,88.0
318,SAINT FRANCIS MEDICAL CENTER,CA,LYNWOOD,85.0,83.0,85.0,76.0,76.0,83.0
319,MARIAN REGIONAL MEDICAL CENTER,CA,SANTA MARIA,91.0,89.0,91.0,84.0,81.0,89.0
320,"SUTTER MEDICAL CENTER, SACRAMENTO",CA,SACRAMENTO,91.0,87.0,90.0,82.0,78.0,90.0
321,LOMPOC VALLEY MEDICAL CENTER,CA,LOMPOC,88.0,91.0,89.0,81.0,77.0,83.0
322,SANTA MONICA - UCLA MED CTR & ORTHOPAEDIC HOSPITAL,CA,SANTA MONICA,92.0,89.0,91.0,86.0,81.0,91.0
323,SAN MATEO MEDICAL CENTER,CA,SAN MATEO,86.0,86.0,89.0,79.0,75.0,85.0
324,PALOMAR HEALTH DOWNTOWN CAMPUS,CA,ESCONDIDO,92.0,85.0,92.0,82.0,81.0,90.0
325,NORTHRIDGE HOSPITAL MEDICAL CENTER,CA,NORTHRIDGE,91.0,89.0,91.0,82.0,79.0,89.0
326,DOCTORS HOSPITAL OF MANTECA,CA,MANTECA,91.0,89.0,92.0,85.0,77.0,87.0
327,ADVENTIST HEALTH HANFORD,CA,HANFORD,90.0,91.0,90.0,83.0,80.0,88.0
328,DAMERON HOSPITAL,CA,STOCKTON,89.0,89.0,91.0,83.0,72.0,87.0
329,USC VERDUGO HILLS HOSPITAL,CA,GLENDALE,89.0,86.0,90.0,82.0,66.0,85.0
330,REGIONAL MEDICAL CENTER OF SAN JOSE,CA,SAN JOSE,87.0,87.0,86.0,80.0,74.0,85.0
331,VALLEY PRESBYTERIAN HOSPITAL,CA,VAN NUYS,89.0,87.0,87.0,82.0,77.0,87.0
332,WOODLAND MEMORIAL HOSPITAL,CA,WOODLAND,92.0,91.0,92.0,85.0,79.0,89.0
333,TRI-CITY MEDICAL CENTER,CA,OCEANSIDE,88.0,85.0,91.0,88.0,72.0,84.0
334,ST BERNARDINE MEDICAL CENTER,CA,SAN BERNARDINO,89.0,86.0,89.0,80.0,80.0,88.0
335,NOVATO COMMUNITY HOSPITAL,CA,NOVATO,92.0,90.0,92.0,86.0,81.0,91.0
336,SAN GABRIEL VALLEY MEDICAL CENTER,CA,SAN GABRIEL,89.0,85.0,89.0,84.0,77.0,87.0
337,RIDEOUT MEMORIAL HOSPITAL,CA,MARYSVILLE,86.0,82.0,87.0,79.0,71.0,80.0
338,SOUTHERN CALIFORNIA HOSPITAL AT HOLLYWOOD,CA,HOLLYWOOD,79.0,80.0,80.0,70.0,69.0,74.0
339,PETALUMA VALLEY HOSPITAL,CA,PETALUMA,91.0,91.0,91.0,86.0,79.0,87.0
340,KAISER FOUNDATION HOSPITAL - PANORAMA CITY,CA,PANORAMA CITY,90.0,88.0,91.0,82.0,82.0,89.0
341,KAISER FOUNDATION HOSPITAL - LOS ANGELES,CA,LOS ANGELES,90.0,84.0,92.0,83.0,78.0,89.0
342,KAISER FOUNDATION HOSPITAL - DOWNEY,CA,DOWNEY,89.0,85.0,91.0,83.0,79.0,89.0
343,KAISER FOUNDATION HOSPITAL FONTANA,CA,FONTANA,91.0,87.0,92.0,85.0,81.0,91.0
344,COMMUNITY HOSPITAL OF THE MONTEREY PENINSULA,CA,MONTEREY,92.0,90.0,93.0,85.0,80.0,92.0
345,CALIFORNIA HOSPITAL MEDICAL CENTER LA,CA,LOS ANGELES,89.0,83.0,88.0,78.0,76.0,86.0
346,SIERRA NEVADA MEMORIAL HOSPITAL,CA,GRASS VALLEY,92.0,88.0,91.0,84.0,79.0,87.0
347,SAINT FRANCIS MEMORIAL HOSPITAL,CA,SAN FRANCISCO,89.0,85.0,92.0,80.0,71.0,86.0
348,O'CONNOR HOSPITAL,CA,SAN JOSE,89.0,85.0,89.0,81.0,74.0,86.0
349,ENCINO HOSPITAL MEDICAL CENTER,CA,ENCINO,0.0,0.0,0.0,0.0,0.0,0.0
350,VENTURA COUNTY MEDICAL CENTER,CA,VENTURA,88.0,87.0,91.0,82.0,78.0,87.0
351,SAN JOAQUIN GENERAL HOSPITAL,CA,FRENCH CAMP,85.0,82.0,89.0,72.0,68.0,82.0
352,ST JUDE MEDICAL CENTER,CA,FULLERTON,92.0,91.0,92.0,87.0,81.0,92.0
353,PIH HEALTH HOSPITAL-WHITTIER,CA,WHITTIER,93.0,90.0,91.0,86.0,84.0,93.0
354,SANTA ROSA MEMORIAL HOSPITAL,CA,SANTA ROSA,89.0,87.0,88.0,80.0,69.0,86.0
355,EMANUEL MEDICAL CENTER,CA,TURLOCK,89.0,87.0,88.0,82.0,73.0,85.0
356,JOHN MUIR MEDICAL CENTER - WALNUT CREEK CAMPUS,CA,WALNUT CREEK,92.0,89.0,91.0,83.0,80.0,91.0
357,GEORGE L MEE MEMORIAL HOSPITAL,CA,KING CITY,0.0,0.0,0.0,0.0,0.0,0.0
358,ST MARY MEDICAL CENTER,CA,LONG BEACH,90.0,89.0,88.0,81.0,79.0,88.0
359,ADVENTIST HEALTH REEDLEY,CA,REEDLEY,88.0,90.0,91.0,82.0,77.0,87.0
360,WATSONVILLE COMMUNITY HOSPITAL,CA,WATSONVILLE,89.0,89.0,89.0,83.0,75.0,87.0
361,WASHINGTON HOSPITAL,CA,FREMONT,90.0,90.0,92.0,83.0,76.0,88.0
362,SEQUOIA HOSPITAL,CA,REDWOOD CITY,93.0,91.0,94.0,83.0,84.0,92.0
363,PALMDALE REGIONAL MEDICAL CENTER,CA,PALMDALE,91.0,92.0,88.0,86.0,83.0,89.0
364,EAST VALLEY GLENDORA HOSPITAL,CA,GLENDORA,0.0,0.0,0.0,0.0,0.0,0.0
365,ALAMEDA HOSPITAL,CA,ALAMEDA,88.0,82.0,86.0,81.0,73.0,83.0
366,SHARP CHULA VISTA MEDICAL CENTER,CA,CHULA VISTA,91.0,89.0,91.0,84.0,76.0,88.0
367,HOAG MEMORIAL HOSPITAL PRESBYTERIAN,CA,NEWPORT BEACH,91.0,89.0,92.0,83.0,79.0,92.0
368,ADVENTIST HEALTH FEATHER RIVER,CA,PARADISE,90.0,88.0,89.0,83.0,74.0,88.0
369,AHMC ANAHEIM REGIONAL MEDICAL CENTER,CA,ANAHEIM,89.0,87.0,88.0,85.0,79.0,86.0
370,ZUCKERBERG SAN FRANCISCO GENERAL HOSP & TRAUMA CTR,CA,SAN FRANCISCO,89.0,88.0,90.0,82.0,82.0,90.0
371,GARDEN GROVE HOSPITAL & MEDICAL CENTER,CA,GARDEN GROVE,88.0,85.0,90.0,84.0,76.0,86.0
372,POMONA VALLEY HOSPITAL MEDICAL CENTER,CA,POMONA,89.0,86.0,88.0,82.0,73.0,87.0
373,FRENCH HOSPITAL MEDICAL CENTER,CA,SAN LUIS OBISPO,92.0,86.0,92.0,85.0,74.0,90.0
374,SHARP CORONADO HOSPITAL AND HLTHCR CTR,CA,CORONADO,93.0,91.0,93.0,88.0,87.0,91.0
375,PROVIDENCE SAINT JOSEPH MEDICAL CTR,CA,BURBANK,90.0,88.0,90.0,82.0,79.0,90.0
376,ADVENTIST HEALTH SIMI VALLEY,CA,SIMI VALLEY,88.0,89.0,88.0,82.0,82.0,86.0
377,METHODIST HOSPITAL OF SOUTHERN CA,CA,ARCADIA,91.0,89.0,92.0,81.0,76.0,90.0
378,GLENDALE ADVENTIST MEDICAL CENTER,CA,GLENDALE,90.0,89.0,89.0,84.0,80.0,89.0
379,DOMINICAN HOSPITAL,CA,SANTA CRUZ,91.0,88.0,92.0,81.0,69.0,87.0
380,DESERT REGIONAL MEDICAL CENTER,CA,PALM SPRINGS,88.0,81.0,87.0,81.0,71.0,85.0
381,ARROWHEAD REGIONAL MEDICAL CENTER,CA,COLTON,89.0,80.0,89.0,79.0,78.0,87.0
382,NATIVIDAD MEDICAL CENTER,CA,SALINAS,89.0,88.0,90.0,84.0,74.0,88.0
383,MARSHALL MEDICAL CENTER,CA,PLACERVILLE,95.0,92.0,93.0,87.0,76.0,90.0
384,GOOD SAMARITAN HOSPITAL,CA,BAKERSFIELD,83.0,87.0,81.0,85.0,75.0,81.0
385,SIERRA VIEW MEDICAL CENTER,CA,PORTERVILLE,90.0,86.0,90.0,85.0,78.0,87.0
386,RONALD REAGAN U C L A MEDICAL CENTER,CA,LOS ANGELES,93.0,91.0,93.0,87.0,82.0,93.0
387,REDLANDS COMMUNITY HOSPITAL,CA,REDLANDS,90.0,89.0,90.0,86.0,79.0,90.0
388,CONTRA COSTA REGIONAL MEDICAL CENTER,CA,MARTINEZ,89.0,86.0,92.0,80.0,69.0,88.0
389,PROVIDENCE HOLY CROSS MEDICAL CENTER,CA,MISSION HILLS,91.0,89.0,91.0,88.0,77.0,91.0
390,HI-DESERT MEDICAL CENTER,CA,JOSHUA TREE,91.0,89.0,87.0,88.0,84.0,87.0
391,MERCY MEDICAL CENTER REDDING,CA,REDDING,90.0,84.0,89.0,81.0,72.0,86.0
392,ALHAMBRA HOSPITAL MEDICAL CENTER,CA,ALHAMBRA,87.0,89.0,87.0,85.0,72.0,84.0
393,STANFORD HEALTH CARE - VALLEYCARE,CA,PLEASANTON,92.0,86.0,93.0,85.0,77.0,90.0
394,SETON MEDICAL CENTER,CA,DALY CITY,91.0,89.0,92.0,82.0,79.0,86.0
395,PROVIDENCE SAINT JOHN'S HEALTH CENTER,CA,SANTA MONICA,90.0,86.0,92.0,82.0,82.0,90.0
396,SUTTER SANTA ROSA REGIONAL HOSPITAL,CA,SANTA ROSA,92.0,86.0,92.0,86.0,81.0,91.0
397,RIVERSIDE UNIVERSITY HEALTH SYSTEM-MEDICAL CENTER,CA,MORENO VALLEY,86.0,78.0,88.0,74.0,71.0,81.0
398,MERCY HOSPITAL,CA,BAKERSFIELD,90.0,86.0,89.0,83.0,76.0,88.0
399,HAZEL HAWKINS MEMORIAL HOSPITAL,CA,HOLLISTER,92.0,90.0,91.0,86.0,80.0,89.0
400,BARSTOW COMMUNITY HOSPITAL,CA,BARSTOW,89.0,85.0,88.0,85.0,83.0,85.0
401,ST MARY MEDICAL CENTER,CA,APPLE VALLEY,87.0,81.0,87.0,78.0,70.0,84.0
402,ADVENTIST HEALTH UKIAH VALLEY,CA,UKIAH,89.0,87.0,89.0,86.0,68.0,86.0
403,ALTA BATES SUMMIT MEDICAL CENTER - ALTA BATES CAMP,CA,BERKELEY,86.0,79.0,88.0,77.0,72.0,84.0
404,EL CAMINO HOSPITAL,CA,MOUNTAIN VIEW,92.0,89.0,93.0,85.0,81.0,91.0
405,SUTTER ROSEVILLE MEDICAL CENTER,CA,ROSEVILLE,91.0,88.0,91.0,86.0,82.0,91.0
406,SUTTER TRACY COMMUNITY HOSPITAL,CA,TRACY,91.0,88.0,91.0,82.0,80.0,89.0
407,KERN MEDICAL CENTER,CA,BAKERSFIELD,88.0,87.0,89.0,80.0,73.0,85.0
408,HIGHLAND HOSPITAL,CA,OAKLAND,88.0,84.0,91.0,82.0,79.0,88.0
409,SCRIPPS MEMORIAL HOSPITAL LA JOLLA,CA,LA JOLLA,92.0,89.0,93.0,84.0,84.0,92.0
410,LOMA LINDA UNIVERSITY MEDICAL CENTER,CA,LOMA LINDA,90.0,85.0,90.0,83.0,71.0,90.0
411,CORONA REGIONAL MEDICAL CENTER,CA,CORONA,87.0,83.0,86.0,81.0,70.0,84.0
412,SALINAS VALLEY MEMORIAL HOSPITAL,CA,SALINAS,92.0,91.0,91.0,87.0,73.0,89.0
413,ADVENTIST HEALTH SONORA,CA,SONORA,90.0,87.0,88.0,87.0,77.0,87.0
414,ADVENTIST HEALTH LODI MEMORIAL,CA,LODI,91.0,87.0,88.0,83.0,78.0,87.0
415,PIONEERS MEMORIAL HEALTHCARE DISTRICT,CA,BRAWLEY,87.0,87.0,87.0,78.0,72.0,84.0
416,UNIVERSITY OF CALIFORNIA IRVINE MED CENTER,CA,ORANGE,91.0,87.0,91.0,85.0,80.0,89.0
417,BEVERLY HOSPITAL,CA,MONTEBELLO,87.0,87.0,88.0,79.0,74.0,84.0
418,TORRANCE MEMORIAL MEDICAL CENTER,CA,TORRANCE,92.0,89.0,92.0,86.0,83.0,93.0
419,BARTON MEMORIAL HOSPITAL,CA,SOUTH LAKE TAHOE,93.0,90.0,93.0,90.0,83.0,91.0
420,PROVIDENCE LITTLE COMPANY OF MARY MED CTR TORRANCE,CA,TORRANCE,91.0,88.0,91.0,82.0,79.0,90.0
421,GOLETA VALLEY COTTAGE HOSPITAL,CA,SANTA BARBARA,94.0,91.0,94.0,90.0,86.0,94.0
422,MARIN GENERAL HOSPITAL,CA,GREENBRAE,88.0,82.0,89.0,82.0,70.0,85.0
423,NORTHBAY MEDICAL CENTER,CA,FAIRFIELD,92.0,83.0,92.0,85.0,74.0,88.0
424,LAC+USC MEDICAL CENTER,CA,LOS ANGELES,87.0,84.0,90.0,79.0,80.0,89.0
425,LAC/HARBOR-UCLA MED CENTER,CA,TORRANCE,90.0,80.0,92.0,82.0,68.0,89.0
426,PACIFICA HOSPITAL OF THE VALLEY,CA,SUN VALLEY,85.0,84.0,82.0,79.0,73.0,79.0
427,GOOD SAMARITAN HOSPITAL,CA,SAN JOSE,89.0,88.0,89.0,82.0,73.0,87.0
428,CITRUS VALLEY MEDICAL CENTER-IC CAMPUS,CA,COVINA,91.0,88.0,89.0,83.0,72.0,88.0
429,HEMET VALLEY MEDICAL CENTER,CA,HEMET,87.0,84.0,84.0,78.0,71.0,78.0
430,PIH HOSPITAL - DOWNEY,CA,DOWNEY,89.0,89.0,90.0,81.0,77.0,85.0
431,COMMUNITY MEMORIAL HOSPITAL SAN BUENAVENTURA,CA,VENTURA,91.0,84.0,91.0,83.0,70.0,85.0
432,SANTA BARBARA COTTAGE HOSPITAL,CA,SANTA BARBARA,93.0,91.0,93.0,86.0,83.0,93.0
434,CHINESE HOSPITAL,CA,SAN FRANCISCO,87.0,88.0,89.0,87.0,77.0,91.0
435,KAISER FOUNDATION HOSPITAL - SOUTH BAY,CA,HARBOR CITY,92.0,87.0,93.0,86.0,85.0,91.0
436,MERCY HOSPITAL OF FOLSOM,CA,FOLSOM,90.0,88.0,91.0,83.0,77.0,89.0
437,SUTTER COAST HOSPITAL,CA,CRESCENT CITY,90.0,84.0,89.0,85.0,79.0,81.0
438,PALO VERDE HOSPITAL,CA,BLYTHE,0.0,0.0,0.0,0.0,0.0,0.0
439,SCRIPPS GREEN HOSPITAL,CA,LA JOLLA,93.0,90.0,95.0,84.0,85.0,92.0
440,KAISER FOUNDATION HOSPITAL - SACRAMENTO,CA,SACRAMENTO,90.0,82.0,92.0,83.0,68.0,86.0
441,WEST ANAHEIM MEDICAL CENTER,CA,ANAHEIM,84.0,85.0,84.0,79.0,69.0,82.0
442,HUNTINGTON MEMORIAL HOSPITAL,CA,PASADENA,91.0,89.0,92.0,85.0,82.0,92.0
443,STANFORD HEALTH CARE,CA,STANFORD,92.0,88.0,92.0,83.0,72.0,91.0
444,MERCY MEDICAL CENTER,CA,MERCED,89.0,89.0,86.0,80.0,81.0,85.0
445,UCSF MEDICAL CENTER,CA,SAN FRANCISCO,93.0,89.0,93.0,86.0,84.0,93.0
446,ADVENTIST HEALTH BAKERSFIELD,CA,BAKERSFIELD,89.0,85.0,89.0,82.0,76.0,87.0
447,ST MARY'S MEDICAL CENTER,CA,SAN FRANCISCO,91.0,90.0,92.0,82.0,70.0,88.0
448,DOCTORS MEDICAL CENTER,CA,MODESTO,90.0,85.0,89.0,84.0,74.0,88.0
449,MEMORIAL HOSPITAL OF GARDENA,CA,GARDENA,81.0,80.0,81.0,73.0,71.0,77.0
450,GOOD SAMARITAN HOSPITAL,CA,LOS ANGELES,87.0,85.0,88.0,79.0,74.0,86.0
451,WEST HILLS HOSPITAL & MEDICAL CENTER,CA,WEST HILLS,89.0,84.0,88.0,82.0,75.0,85.0
452,LONG BEACH MEMORIAL MEDICAL CENTER,CA,LONG BEACH,91.0,88.0,91.0,84.0,75.0,89.0
453,EDEN MEDICAL CENTER,CA,CASTRO VALLEY,90.0,88.0,91.0,83.0,82.0,90.0
454,CLOVIS COMMUNITY MEDICAL CENTER,CA,CLOVIS,91.0,91.0,90.0,85.0,80.0,90.0
455,JOHN MUIR MEDICAL CENTER - CONCORD CAMPUS,CA,CONCORD,91.0,87.0,91.0,83.0,81.0,90.0
456,SUTTER AUBURN FAITH HOSPITAL,CA,AUBURN,91.0,91.0,94.0,84.0,81.0,90.0
457,SAINT VINCENT MEDICAL CENTER,CA,LOS ANGELES,87.0,80.0,89.0,78.0,74.0,84.0
458,SCRIPPS MEMORIAL HOSPITAL - ENCINITAS,CA,ENCINITAS,91.0,88.0,91.0,83.0,75.0,88.0
459,SIERRA VISTA REGIONAL MEDICAL CENTER,CA,SAN LUIS OBISPO,89.0,83.0,89.0,84.0,70.0,86.0
460,KAISER FOUNDATION HOSPITAL,CA,SAN RAFAEL,92.0,85.0,93.0,86.0,69.0,89.0
461,KAISER FOUNDATION HOSPITAL - FREMONT,CA,FREMONT,89.0,87.0,92.0,83.0,76.0,89.0
462,KAISER FOUNDATION HOSPITAL - ZION,CA,SAN DIEGO,92.0,90.0,92.0,87.0,82.0,91.0
463,MERCY SAN JUAN MEDICAL CENTER,CA,CARMICHAEL,90.0,85.0,90.0,83.0,77.0,88.0
464,VICTOR VALLEY GLOBAL MEDICAL CENTER,CA,VICTORVILLE,80.0,76.0,81.0,71.0,67.0,75.0
465,SUTTER DELTA MEDICAL CENTER,CA,ANTIOCH,88.0,83.0,89.0,78.0,73.0,82.0
466,HUNTINGTON BEACH HOSPITAL,CA,HUNTINGTON BEACH,83.0,83.0,79.0,78.0,71.0,79.0
467,MEMORIAL HOSPITAL LOS BANOS,CA,LOS BANOS,91.0,91.0,90.0,86.0,85.0,89.0
468,JOHN F KENNEDY MEMORIAL HOSPITAL,CA,INDIO,89.0,89.0,90.0,84.0,74.0,87.0
469,SUTTER DAVIS HOSPITAL,CA,DAVIS,94.0,92.0,94.0,88.0,79.0,93.0
470,KAISER FOUNDATION HOSPITAL - REDWOOD CITY,CA,REDWOOD CITY,91.0,91.0,93.0,86.0,81.0,92.0
475,LOS ROBLES HOSPITAL & MEDICAL CENTER,CA,THOUSAND OAKS,89.0,87.0,88.0,83.0,79.0,87.0
476,LOS ALAMITOS MEDICAL CENTER,CA,LOS ALAMITOS,89.0,86.0,88.0,84.0,66.0,85.0
477,MEMORIAL MEDICAL CENTER,CA,MODESTO,90.0,86.0,90.0,82.0,78.0,88.0
478,KAISER FOUNDATION HOSPITAL - WEST LA,CA,LOS ANGELES,90.0,84.0,92.0,81.0,79.0,88.0
479,MISSION HOSPITAL REGIONAL MED CENTER,CA,MISSION VIEJO,92.0,91.0,91.0,85.0,79.0,91.0
480,MADERA COMMUNITY HOSPITAL,CA,MADERA,88.0,83.0,90.0,81.0,72.0,85.0
481,FOUNTAIN VALLEY REGIONAL HOSPITAL & MEDICAL CENTER,CA,FOUNTAIN VALLEY,85.0,81.0,85.0,79.0,70.0,83.0
482,EISENHOWER MEDICAL CENTER,CA,RANCHO MIRAGE,91.0,87.0,90.0,84.0,79.0,90.0
483,LA PALMA INTERCOMMUNITY HOSPITAL,CA,LA PALMA,85.0,89.0,84.0,82.0,72.0,82.0
484,LAKEWOOD REGIONAL MEDICAL CENTER,CA,LAKEWOOD,89.0,86.0,89.0,83.0,74.0,86.0
485,CHINO VALLEY MEDICAL CENTER,CA,CHINO,90.0,90.0,88.0,84.0,81.0,88.0
486,SAN DIMAS COMMUNITY HOSPITAL,CA,SAN DIMAS,87.0,88.0,86.0,81.0,74.0,85.0
487,PLACENTIA LINDA HOSPITAL,CA,PLACENTIA,88.0,87.0,87.0,83.0,76.0,86.0
488,METHODIST HOSPITAL OF SACRAMENTO,CA,SACRAMENTO,89.0,87.0,90.0,79.0,73.0,86.0
489,FOOTHILL PRESBYTERIAN HOSPITAL,CA,GLENDORA,90.0,86.0,91.0,81.0,75.0,87.0
490,UNIVERSITY OF CALIFORNIA DAVIS MEDICAL CENTER,CA,SACRAMENTO,92.0,85.0,92.0,84.0,73.0,89.0
491,MEMORIALCARE SADDLEBACK MEDICAL CENTER,CA,LAGUNA HILLS,91.0,88.0,91.0,82.0,73.0,89.0
492,KAISER FOUNDATION HOSPITAL-SAN JOSE,CA,SAN JOSE,90.0,86.0,92.0,82.0,73.0,87.0
493,DELANO REGIONAL MEDICAL CENTER,CA,DELANO,87.0,91.0,88.0,84.0,73.0,84.0
494,KAISER FOUNDATION HOSPITAL - ORANGE COUNTY - ANAHE,CA,ANAHEIM,92.0,88.0,93.0,86.0,83.0,92.0
495,ST JOHNS PLEASANT VALLEY HOSPITAL,CA,CAMARILLO,90.0,88.0,90.0,82.0,73.0,87.0
496,HENRY MAYO NEWHALL  HOSPITAL,CA,VALENCIA,91.0,86.0,91.0,83.0,73.0,89.0
497,CEDARS-SINAI MEDICAL CENTER,CA,LOS ANGELES,91.0,88.0,92.0,86.0,79.0,92.0
498,TWIN CITIES COMMUNITY HOSPITAL,CA,TEMPLETON,90.0,88.0,90.0,85.0,75.0,86.0
499,POMERADO HOSPITAL,CA,POWAY,92.0,86.0,92.0,85.0,79.0,87.0
500,EAST LOS ANGELES DOCTORS HOSPITAL,CA,LOS ANGELES,86.0,90.0,87.0,82.0,74.0,86.0
501,LOS ANGELES COMMUNITY HOSPITAL,CA,LOS ANGELES,75.0,76.0,73.0,68.0,53.0,66.0
503,KAISER FOUNDATION HOSP SO SACRAMENTO,CA,SACRAMENTO,91.0,86.0,92.0,85.0,76.0,90.0
504,KAISER FOUNDATION HOSPITAL - WOODLAND HILLS,CA,WOODLAND HILLS,91.0,89.0,93.0,85.0,78.0,90.0
505,ORANGE COAST MEMORIAL MEDICAL CENTER,CA,FOUNTAIN VALLEY,91.0,88.0,91.0,84.0,77.0,89.0
506,MENIFEE VALLEY MEDICAL CENTER,CA,SUN CITY,83.0,79.0,85.0,71.0,67.0,77.0
507,"KAISER FOUNDATION HOSPITAL, RIVERSIDE",CA,RIVERSIDE,90.0,86.0,92.0,83.0,74.0,89.0
508,ST LOUISE REGIONAL HOSPITAL,CA,GILROY,91.0,91.0,89.0,85.0,76.0,86.0
509,SAN RAMON REGIONAL MEDICAL CENTER,CA,SAN RAMON,90.0,83.0,91.0,83.0,78.0,87.0
510,KAISER FOUNDATION HOSPITAL-SANTA ROSA,CA,SANTA ROSA,93.0,88.0,92.0,85.0,78.0,91.0
511,KECK HOSPITAL OF USC,CA,LOS ANGELES,91.0,85.0,92.0,83.0,82.0,92.0
512,PATIENTS' HOSPITAL OF REDDING,CA,REDDING,0.0,0.0,0.0,0.0,0.0,0.0
513,SOUTHWEST HEALTHCARE SYSTEM,CA,MURRIETA,88.0,84.0,88.0,81.0,76.0,85.0
514,MISSION COMMUNITY HOSPITAL,CA,PANORAMA CITY,80.0,84.0,83.0,77.0,63.0,76.0
515,FRESNO SURGICAL HOSPITAL,CA,FRESNO,97.0,96.0,94.0,95.0,92.0,96.0
516,DESERT VALLEY HOSPITAL,CA,VICTORVILLE,87.0,91.0,84.0,82.0,78.0,85.0
517,KAISER FOUNDATION HOSPITAL - FRESNO,CA,FRESNO,91.0,88.0,93.0,83.0,79.0,90.0
518,SUTTER MATERNITY & SURGERY CENTER OF SANTA CRUZ,CA,SANTA CRUZ,94.0,93.0,93.0,90.0,89.0,94.0
519,LAC/RANCHO LOS AMIGOS NATIONAL REHABILITATION  CTR,CA,DOWNEY,91.0,88.0,91.0,82.0,76.0,89.0
520,KAISER FOUNDATION HOSPITAL - BALDWIN PARK,CA,BALDWIN PARK,92.0,89.0,93.0,86.0,81.0,91.0
521,BAKERSFIELD HEART HOSPITAL,CA,BAKERSFIELD,89.0,86.0,88.0,88.0,80.0,89.0
522,STANISLAUS SURGICAL HOSPITAL,CA,MODESTO,95.0,97.0,94.0,94.0,92.0,94.0
523,COMMUNITY HOSPITAL OF LONG BEACH,CA,LONG BEACH,89.0,82.0,88.0,82.0,75.0,84.0
524,WHITTIER HOSPITAL MEDICAL CENTER,CA,WHITTIER,89.0,87.0,89.0,83.0,78.0,86.0
525,MONTEREY PARK HOSPITAL,CA,MONTEREY PARK,90.0,88.0,90.0,84.0,75.0,88.0
526,GARFIELD MEDICAL CENTER,CA,MONTEREY PARK,89.0,88.0,89.0,85.0,73.0,88.0
527,GREATER EL MONTE COMMUNITY HOSPITAL,CA,SOUTH EL MONTE,89.0,88.0,86.0,81.0,75.0,85.0
528,CENTINELA HOSPITAL MEDICAL CENTER,CA,INGLEWOOD,89.0,85.0,87.0,86.0,75.0,85.0
529,MARINA DEL REY HOSPITAL,CA,MARINA DEL REY,86.0,85.0,89.0,82.0,78.0,85.0
530,OLYMPIA MEDICAL CENTER,CA,LOS ANGELES,83.0,83.0,83.0,78.0,79.0,80.0
531,ANAHEIM GLOBAL MEDICAL CENTER,CA,ANAHEIM,85.0,85.0,87.0,78.0,71.0,83.0
532,CHAPMAN GLOBAL MEDICAL CENTER,CA,ORANGE,85.0,88.0,87.0,85.0,81.0,81.0
533,ORANGE COUNTY GLOBAL MEDICAL CENTER,CA,SANTA ANA,87.0,85.0,87.0,80.0,71.0,85.0
534,SOUTH COAST GLOBAL MEDICAL CENTER,CA,SANTA ANA,84.0,84.0,84.0,78.0,72.0,84.0
535,KAISER FOUNDATION HOSPITAL MANTECA,CA,MANTECA,90.0,87.0,91.0,85.0,80.0,89.0
536,MIRACLE MILE MEDICAL CENTER,CA,LOS ANGELES,0.0,0.0,0.0,0.0,0.0,0.0
537,MENLO PARK SURGICAL HOSPITAL,CA,MENLO PARK,95.0,92.0,96.0,94.0,96.0,94.0
538,SHERMAN OAKS HOSPITAL,CA,SHERMAN OAKS,86.0,87.0,85.0,81.0,72.0,84.0
539,ALVARADO HOSPITAL MEDICAL CENTER,CA,SAN DIEGO,88.0,86.0,87.0,85.0,74.0,84.0
540,MONTCLAIR HOSPITAL MEDICAL CENTER,CA,MONTCLAIR,88.0,90.0,87.0,84.0,74.0,85.0
541,KAISER FOUNDATION HOSPITAL - ANTIOCH,CA,ANTIOCH,91.0,86.0,92.0,85.0,80.0,90.0
542,PROVIDENCE TARZANA MEDICAL CENTER,CA,TARZANA,90.0,86.0,91.0,82.0,74.0,88.0
543,SILVER LAKE MEDICAL CENTER,CA,LOS ANGELES,0.0,0.0,0.0,0.0,0.0,0.0
544,SHASTA REGIONAL MEDICAL CENTER,CA,REDDING,88.0,83.0,86.0,83.0,74.0,86.0
545,KAISER FOUNDATION HOSPITAL-MORENO VALLEY,CA,MORENO VALLEY,90.0,82.0,92.0,81.0,76.0,88.0
546,SUTTER SURGICAL HOSPITAL - NORTH VALLEY,CA,YUBA CITY,96.0,91.0,96.0,94.0,91.0,95.0
547,KAISER FOUNDATION HOSPITAL - VACAVILLE,CA,VACAVILLE,90.0,87.0,92.0,82.0,80.0,90.0
548,HOAG ORTHOPEDIC INSTITUTE,CA,IRVINE,95.0,93.0,94.0,91.0,88.0,95.0
549,LOMA LINDA UNIVERSITY MEDICAL CENTER-MURRIETA,CA,MURRIETA,89.0,86.0,89.0,83.0,84.0,89.0
550,COAST PLAZA HOSPITAL,CA,NORWALK,84.0,84.0,84.0,77.0,65.0,79.0
551,KAISER FOUNDATION HOSPITAL - ROSEVILLE,CA,ROSEVILLE,91.0,86.0,92.0,84.0,75.0,90.0
552,SAN LEANDRO HOSPITAL,CA,SAN LEANDRO,86.0,87.0,89.0,79.0,74.0,84.0
553,TEMECULA VALLEY HOSPITAL,CA,TEMECULA,92.0,86.0,88.0,88.0,78.0,90.0
554,COLLEGE MEDICAL CENTER,CA,LONG BEACH,0.0,0.0,0.0,0.0,0.0,0.0
555,KAISER FOUNDATION HOSPITAL - SAN LEANDRO,CA,SAN LEANDRO,90.0,88.0,91.0,83.0,80.0,89.0
556,LOMA LINDA UNIVERSITY CHILDREN'S HOSPITAL,CA,LOMA LINDA,89.0,82.0,89.0,81.0,77.0,88.0
557,"MARTIN LUTHER KING, JR. COMMUNITY HOSPITAL",CA,LOS ANGELES,92.0,91.0,92.0,84.0,85.0,92.0
558,FOOTHILL REGIONAL MEDICAL CENTER,CA,TUSTIN,82.0,80.0,83.0,77.0,71.0,77.0
560,CASA COLINA HOSPITAL,CA,POMONA,94.0,93.0,93.0,84.0,84.0,93.0
565,MAMMOTH HOSPITAL,CA,MAMMOTH LAKES,95.0,85.0,95.0,93.0,87.0,93.0
566,JOHN C FREMONT HEALTHCARE DISTRICT,CA,MARIPOSA,0.0,0.0,0.0,0.0,0.0,0.0
567,MAYERS MEMORIAL HOSPITAL,CA,FALL RIVER MILLS,0.0,0.0,0.0,0.0,0.0,0.0
572,ADVENTIST HEALTH HOWARD MEMORIAL,CA,WILLITS,94.0,94.0,95.0,88.0,86.0,94.0
574,MOUNTAINS COMMUNITY HOSPITAL,CA,LAKE ARROWHEAD,0.0,0.0,0.0,0.0,0.0,0.0
575,KERN VALLEY HEALTHCARE DISTRICT,CA,LAKE ISABELLA,0.0,0.0,0.0,0.0,0.0,0.0
576,TRINITY HOSPITAL,CA,WEAVERVILLE,0.0,0.0,0.0,0.0,0.0,0.0
577,FAIRCHILD MEDICAL CENTER,CA,YREKA,90.0,90.0,88.0,85.0,78.0,87.0
578,ADVENTIST HEALTH CLEARLAKE,CA,CLEARLAKE,89.0,87.0,86.0,88.0,79.0,85.0
579,REDWOOD MEMORIAL HOSPITAL,CA,FORTUNA,92.0,92.0,92.0,88.0,77.0,88.0
580,MERCY MEDICAL CENTER MT SHASTA,CA,MOUNT SHASTA,96.0,93.0,93.0,91.0,82.0,92.0
581,BANNER LASSEN MEDICAL CENTER,CA,SUSANVILLE,92.0,90.0,93.0,90.0,85.0,89.0
582,HEALDSBURG DISTRICT HOSPITAL,CA,HEALDSBURG,93.0,92.0,92.0,92.0,79.0,90.0
583,COLORADO RIVER MEDICAL CENTER,CA,NEEDLES,0.0,0.0,0.0,0.0,0.0,0.0
584,NORTHERN INYO HOSPITAL,CA,BISHOP,92.0,92.0,91.0,88.0,76.0,90.0
585,MENDOCINO COAST DISTRICT HOSPITAL,CA,FORT BRAGG,92.0,86.0,90.0,90.0,84.0,84.0
586,PLUMAS DISTRICT HOSPITAL,CA,QUINCY,0.0,0.0,0.0,0.0,0.0,0.0
588,TAHOE FOREST HOSPITAL,CA,TRUCKEE,94.0,92.0,94.0,92.0,89.0,94.0
589,SUTTER LAKESIDE HOSPITAL,CA,LAKEPORT,93.0,91.0,93.0,89.0,84.0,92.0
590,MODOC MEDICAL CENTER,CA,ALTURAS,0.0,0.0,0.0,0.0,0.0,0.0
591,SANTA YNEZ VALLEY COTTAGE HOSPITAL,CA,SOLVANG,0.0,0.0,0.0,0.0,0.0,0.0
592,MARK TWAIN MEDICAL CENTER,CA,SAN ANDREAS,0.0,0.0,0.0,0.0,0.0,0.0
594,OJAI VALLEY COMMUNITY HOSPITAL,CA,OJAI,96.0,93.0,94.0,92.0,83.0,93.0
595,BEAR VALLEY COMMUNITY HOSPITAL,CA,BIG BEAR LAKE,0.0,0.0,0.0,0.0,0.0,0.0
607,NORTH COLORADO MEDICAL CENTER,CO,GREELEY,91.0,89.0,91.0,86.0,83.0,88.0
608,LONGMONT UNITED HOSPITAL,CO,LONGMONT,93.0,91.0,92.0,90.0,89.0,90.0
609,PLATTE VALLEY MEDICAL CENTER,CO,BRIGHTON,91.0,93.0,92.0,87.0,84.0,89.0
610,MONTROSE MEMORIAL HOSPITAL,CO,MONTROSE,93.0,95.0,94.0,90.0,86.0,93.0
611,SAN LUIS VALLEY HEALTH,CO,ALAMOSA,89.0,89.0,89.0,85.0,79.0,84.0
612,LUTHERAN MEDICAL CENTER,CO,WHEAT RIDGE,93.0,88.0,91.0,88.0,82.0,91.0
613,POUDRE VALLEY HOSPITAL,CO,FORT COLLINS,92.0,88.0,91.0,86.0,84.0,90.0
614,DENVER HEALTH MEDICAL CENTER,CO,DENVER,89.0,83.0,90.0,83.0,80.0,88.0
615,CENTURA HEALTH-ST MARY CORWIN MEDICAL CENTER,CO,PUEBLO,91.0,86.0,91.0,86.0,80.0,87.0
616,MERCY REGIONAL MEDICAL CENTER,CO,DURANGO,93.0,89.0,93.0,86.0,85.0,91.0
617,PRESBYTERIAN ST LUKES MEDICAL CENTER,CO,DENVER,91.0,90.0,91.0,87.0,86.0,89.0
618,CENTURA HEALTH-ST ANTHONY HOSPITAL,CO,LAKEWOOD,92.0,87.0,90.0,84.0,85.0,91.0
619,"PARKVIEW MEDICAL CENTER, INC",CO,PUEBLO,92.0,89.0,89.0,84.0,79.0,89.0
620,UNIVERSITY COLO HEALTH MEMORIAL HOSPITAL CENTRAL,CO,COLORADO SPRINGS,91.0,89.0,91.0,85.0,81.0,89.0
621,ST MARYS  MEDICAL CENTER,CO,GRAND JUNCTION,92.0,89.0,90.0,86.0,83.0,90.0
622,UNIVERSITY OF COLORADO HOSPITAL AUTHORITY,CO,AURORA,91.0,88.0,91.0,82.0,85.0,91.0
623,FOOTHILLS HOSPITAL,CO,BOULDER,91.0,88.0,91.0,83.0,85.0,89.0
624,SAINT JOSEPH HOSPITAL,CO,DENVER,93.0,89.0,93.0,88.0,87.0,92.0
625,MCKEE MEDICAL CENTER,CO,LOVELAND,92.0,88.0,91.0,90.0,82.0,89.0
626,CENTURA HEALTH-PENROSE ST FRANCIS HEALTH SERVICES,CO,COLORADO SPRINGS,91.0,88.0,91.0,84.0,85.0,90.0
627,ROSE MEDICAL CENTER,CO,DENVER,93.0,89.0,93.0,88.0,84.0,91.0
628,SWEDISH MEDICAL CENTER,CO,ENGLEWOOD,91.0,87.0,89.0,85.0,81.0,89.0
629,COLORADO PLAINS MEDICAL CENTER,CO,FORT MORGAN,90.0,91.0,91.0,88.0,83.0,88.0
630,UCHEALTH YAMPA VALLEY MEDICAL CENTER,CO,STEAMBOAT SPRINGS,93.0,89.0,94.0,91.0,88.0,94.0
631,COMMUNITY HOSPITAL,CO,GRAND JUNCTION,90.0,84.0,90.0,83.0,82.0,88.0
632,CENTURA HEALTH-PORTER ADVENTIST HOSPITAL,CO,DENVER,91.0,89.0,92.0,85.0,84.0,89.0
633,NORTH SUBURBAN MEDICAL CENTER,CO,THORNTON,90.0,90.0,89.0,84.0,79.0,87.0
634,DELTA COUNTY MEMORIAL HOSPITAL,CO,DELTA,91.0,88.0,91.0,88.0,83.0,89.0
635,VALLEY VIEW HOSPITAL ASSOCIATION,CO,GLENWOOD SPRINGS,92.0,88.0,92.0,86.0,85.0,91.0
636,STERLING REGIONAL MEDCENTER,CO,STERLING,93.0,88.0,92.0,88.0,81.0,90.0
637,VAIL HEALTH HOSPITAL,CO,VAIL,91.0,89.0,92.0,88.0,87.0,91.0
638,"MEDICAL CENTER OF AURORA, THE",CO,AURORA,90.0,85.0,89.0,84.0,81.0,87.0
639,CENTURA HEALTH-AVISTA ADVENTIST HOSPITAL,CO,LOUISVILLE,93.0,91.0,92.0,87.0,86.0,91.0
640,ST ANTHONY NORTH HEALTH CAMPUS,CO,WESTMINSTER,91.0,91.0,91.0,83.0,86.0,90.0
642,SKY RIDGE MEDICAL CENTER,CO,LONE TREE,90.0,84.0,90.0,86.0,83.0,88.0
643,CENTURA HEALTH-LITTLETON ADVENTIST HOSPITAL,CO,LITTLETON,91.0,88.0,91.0,86.0,82.0,90.0
644,PARKER ADVENTIST HOSPITAL,CO,PARKER,90.0,84.0,91.0,82.0,84.0,89.0
645,GOOD SAMARITAN MEDICAL CENTER,CO,LAFAYETTE,92.0,87.0,92.0,87.0,84.0,91.0
646,"ANIMAS SURGICAL HOSPITAL, LLC",CO,DURANGO,95.0,95.0,96.0,95.0,87.0,96.0
647,ST ANTHONY SUMMIT MEDICAL CENTER,CO,FRISCO,93.0,91.0,92.0,92.0,91.0,94.0
648,MEDICAL CENTER OF THE ROCKIES,CO,LOVELAND,92.0,87.0,92.0,85.0,85.0,92.0
649,ORTHOCOLORADO HOSPITAL AT ST ANTHONY MED CAMPUS,CO,LAKEWOOD,93.0,92.0,94.0,86.0,91.0,93.0
650,CASTLE ROCK ADVENTIST HOSPITAL,CO,CASTLE ROCK,92.0,87.0,92.0,87.0,84.0,91.0
651,BANNER FORT COLLINS MEDICAL CENTER,CO,FORT COLLINS,92.0,92.0,90.0,93.0,86.0,90.0
652,SCL HEALTH COMMUNITY HOSPITAL- NORTHGLENN,CO,NORTHGLENN,0.0,0.0,0.0,0.0,0.0,0.0
657,RIO GRANDE HOSPITAL,CO,DEL NORTE,0.0,0.0,0.0,0.0,0.0,0.0
658,COLORADO CANYONS HOSPITAL AND MEDICAL CENTER,CO,FRUITA,0.0,0.0,0.0,0.0,0.0,0.0
659,EAST MORGAN COUNTY HOSPITAL,CO,BRUSH,0.0,0.0,0.0,0.0,0.0,0.0
661,MELISSA MEMORIAL HOSPITAL,CO,HOLYOKE,0.0,0.0,0.0,0.0,0.0,0.0
665,WRAY COMMUNITY DISTRICT HOSPITAL,CO,WRAY,0.0,0.0,0.0,0.0,0.0,0.0
667,SOUTHEAST COLORADO HOSPITAL,CO,SPRINGFIELD,0.0,0.0,0.0,0.0,0.0,0.0
668,ESTES PARK MEDICAL CENTER,CO,ESTES PARK,0.0,0.0,0.0,0.0,0.0,0.0
669,KIT CARSON COUNTY MEMORIAL HOSPITAL,CO,BURLINGTON,0.0,0.0,0.0,0.0,0.0,0.0
670,"MEMORIAL HOSPITAL, THE",CO,CRAIG,91.0,87.0,93.0,89.0,87.0,90.0
671,YUMA DISTRICT HOSPITAL,CO,YUMA,0.0,0.0,0.0,0.0,0.0,0.0
672,SPANISH PEAKS REGIONAL HEALTH CENTER,CO,WALSENBURG,0.0,0.0,0.0,0.0,0.0,0.0
673,GRAND RIVER MEDICAL CENTER,CO,RIFLE,94.0,90.0,92.0,95.0,85.0,90.0
676,GUNNISON VALLEY HOSPITAL,CO,GUNNISON,96.0,88.0,96.0,94.0,89.0,92.0
677,MT SAN RAFAEL HOSPITAL,CO,TRINIDAD,0.0,0.0,0.0,0.0,0.0,0.0
678,HEART OF THE ROCKIES REGIONAL MEDICAL CENTER,CO,SALIDA,95.0,91.0,94.0,93.0,91.0,93.0
679,PROWERS MEDICAL CENTER,CO,LAMAR,0.0,0.0,0.0,0.0,0.0,0.0
680,ASPEN VALLEY HOSPITAL,CO,ASPEN,93.0,93.0,93.0,92.0,92.0,93.0
683,SOUTHWEST MEMORIAL HOSPITAL,CO,CORTEZ,93.0,90.0,94.0,94.0,83.0,88.0
685,ARKANSAS VALLEY REGIONAL MEDICAL CENTER,CO,LA JUNTA,88.0,87.0,91.0,84.0,81.0,85.0
687,CENTURA HEALTH-ST THOMAS MORE HOSPITAL,CO,CANON CITY,93.0,88.0,92.0,88.0,83.0,88.0
689,ST FRANCIS HOSPITAL & MEDICAL CENTER,CT,HARTFORD,92.0,88.0,92.0,85.0,82.0,91.0
690,DAY KIMBALL HOSPITAL,CT,PUTNAM,92.0,92.0,93.0,86.0,80.0,87.0
691,SHARON HOSPITAL,CT,SHARON,93.0,92.0,92.0,92.0,80.0,91.0
692,WATERBURY HOSPITAL,CT,WATERBURY,88.0,84.0,86.0,80.0,76.0,84.0
693,STAMFORD HOSPITAL,CT,STAMFORD,92.0,92.0,92.0,85.0,88.0,91.0
694,LAWRENCE & MEMORIAL HOSPITAL,CT,NEW LONDON,92.0,86.0,92.0,85.0,77.0,87.0
695,JOHNSON MEMORIAL HOSPITAL,CT,STAFFORD SPRINGS,93.0,90.0,92.0,87.0,81.0,89.0
696,BRIDGEPORT HOSPITAL,CT,BRIDGEPORT,92.0,85.0,91.0,84.0,77.0,87.0
697,CHARLOTTE HUNGERFORD HOSPITAL,CT,TORRINGTON,91.0,83.0,88.0,83.0,71.0,83.0
698,ROCKVILLE GENERAL HOSPITAL,CT,ROCKVILLE,86.0,82.0,88.0,78.0,73.0,83.0
699,SAINT MARY'S HOSPITAL,CT,WATERBURY,91.0,87.0,90.0,82.0,76.0,86.0
700,MIDSTATE MEDICAL CENTER,CT,MERIDEN,94.0,92.0,92.0,89.0,86.0,91.0
